Name,usa.white,usa.black,usa.hispanic,usa.asian
Charlotte,1,0,0,0
Harper,1,0,0,0
Camila,0,0,1,0
Elizabeth,1,0,0,0
Eleanor,1,0,0,0
Abigail,1,0,0,0
Scarlett,1,0,0,0
Emily,1,0,0,0
Penelope,1,0,0,0
Madison,1,0,0,0
Ellie,1,0,0,0
Riley,1,0,0,0
Zoey,1,0,0,0
Hannah,1,0,0,0
Addison,1,0,0,0
Leah,1,0,0,0
Kinsley,1,0,0,0
Claire,1,0,0,0
Aaliyah,0,1,0,0
Autumn,1,0,0,0
Savannah,1,0,0,0
Skylar,1,0,0,0
Sophie,1,0,0,0
Hailey,1,0,0,0
Caroline,1,0,0,0
Allison,1,0,0,0
Anna,1,0,0,0
Sarah,1,0,0,0
Piper,1,0,0,0
Rylee,1,0,0,0
Peyton,1,0,0,0
Raelynn,1,0,0,0
Liliana,0,0,1,0
Lyla,1,0,0,0
Hadley,1,0,0,0
Parker,1,0,0,0
Mackenzie,1,0,0,0
Maeve,1,0,0,0
Margaret,1,0,0,0
Reagan,1,0,0,0
Melanie,1,0,0,0
Ximena,0,0,1,0
Kaylee,1,0,0,0
Summer,1,0,0,0
Sloane,1,0,0,0
Reese,1,0,0,0
River,1,0,0,0
Blakely,1,0,0,0
Katherine,1,0,0,0
Kylie,1,0,0,0
Bailey,1,0,0,0
Ember,1,0,0,0
Ryleigh,1,0,0,0
Catalina,0,0,1,0
June,1,0,0,0
Callie,1,0,0,0
Sage,1,0,0,0
Rosalie,1,0,0,0
Molly,1,0,0,0
Brynlee,1,0,0,0
Amy,1,0,0,0
Aubree,1,0,0,0
Taylor,1,0,0,0
Oakley,1,0,0,0
Sara,1,0,0,0
Blake,1,0,0,0
Noelle,1,0,0,0
Morgan,1,0,0,0
Zuri,0,1,0,0
Finley,1,0,0,0
Presley,1,0,0,0
Sawyer,1,0,0,0
Ana,0,0,1,0
Harlow,1,0,0,0
Rachel,1,0,0,0
Sutton,1,0,0,0
Lilah,1,0,0,0
Octavia,0,1,0,0
Wren,1,0,0,0
Lainey,1,0,0,0
Teagan,1,0,0,0
Saylor,1,0,0,0
Brooke,1,0,0,0
Jane,1,0,0,0
Payton,1,0,0,0
Delaney,1,0,0,0
Dakota,1,0,0,0
Charlee,1,0,0,0
Tatum,1,0,0,0
Raegan,1,0,0,0
Kali,1,0,0,0
Haven,1,0,0,0
Tessa,1,0,0,0
Hayden,1,0,0,0
Paige,1,0,0,0
Rebecca,1,0,0,0
Harley,1,0,0,0
Logan,1,0,0,0
Jayla,0,1,0,0
Blair,1,0,0,0
Hallie,1,0,0,0
Madilyn,1,0,0,0
Mckenna,1,0,0,0
Alayah,0,1,0,0
Catherine,1,0,0,0
Palmer,1,0,0,0
Mckenzie,1,0,0,0
Amari,0,1,0,0
Lauren,1,0,0,0
Cali,1,0,0,0
Aniyah,0,1,0,0
Gabriela,0,0,1,0
Ariyah,0,1,0,0
Adelynn,1,0,0,0
Remington,1,0,0,0
Elle,1,0,0,0
Amiyah,0,1,0,0
Brynn,1,0,0,0
Charli,1,0,0,0
Makenna,1,0,0,0
Melissa,1,0,0,0
Lana,1,0,0,0
Raelyn,1,0,0,0
Madeleine,1,0,0,0
Nayeli,0,0,1,0
Annalise,1,0,0,0
Royalty,0,1,0,0
Rylie,1,0,0,0
Laura,1,0,0,0
Brinley,1,0,0,0
Frances,1,0,0,0
Heidi,1,0,0,0
Poppy,1,0,0,0
Nylah,0,1,0,0
Miracle,0,1,0,0
Shiloh,1,0,0,0
Allie,1,0,0,0
Kate,1,0,0,0
Lexi,1,0,0,0
Anaya,0,1,0,0
Kayleigh,1,0,0,0
Viviana,0,0,1,0
Makenzie,1,0,0,0
Maren,1,0,0,0
Lorelei,1,0,0,0
Esmeralda,0,0,1,0
Jolene,1,0,0,0
Marlee,1,0,0,0
Hattie,0,1,0,0
Kenzie,1,0,0,0
Alora,1,0,0,0
Holly,1,0,0,0
Armani,0,1,0,0
Alison,1,0,0,0
Amanda,1,0,0,0
Cassidy,1,0,0,0
Jimena,0,0,1,0
Eve,1,0,0,0
Charleigh,1,0,0,0
Madelynn,1,0,0,0
Jennifer,1,0,0,0
Ryan,1,0,0,0
Meadow,1,0,0,0
Carter,1,0,0,0
Kinley,1,0,0,0
Maci,1,0,0,0
Aisha,0,1,0,0
Bonnie,1,0,0,0
Briar,1,0,0,0
Macie,1,0,0,0
Maddison,1,0,0,0
Alondra,0,0,1,0
Emely,0,0,1,0
Maliyah,0,1,0,0
Madilynn,1,0,0,0
Katie,1,0,0,0
Zariah,0,1,0,0
Imani,0,1,0,0
Virginia,1,0,0,0
Mallory,1,0,0,0
Shelby,1,0,0,0
Clementine,0,1,0,0
Xiomara,0,0,1,0
Skyler,1,0,0,0
Hanna,1,0,0,0
Kaliyah,0,1,0,0
Haley,1,0,0,0
Itzel,0,0,1,0
Dylan,1,0,0,0
Ivory,0,1,0,0
Meredith,1,0,0,0
Sloan,1,0,0,0
Abby,1,0,0,0
Erin,1,0,0,0
Kaitlyn,1,0,0,0
Nia,0,1,0,0
Jaliyah,0,1,0,0
Jenna,1,0,0,0
Anne,1,0,0,0
Kathryn,1,0,0,0
Lennox,0,1,0,0
Calliope,1,0,0,0
Faye,1,0,0,0
Karsyn,1,0,0,0
Oakleigh,1,0,0,0
Dayana,0,0,1,0
Amirah,0,1,0,0
Megan,1,0,0,0
Malaysia,0,1,0,0
Alejandra,0,0,1,0
Kelsey,1,0,0,0
Zariyah,0,1,0,0
Savanna,1,0,0,0
Macy,1,0,0,0
Dallas,1,0,0,0
Laurel,1,0,0,0
Holland,1,0,0,0
Blaire,1,0,0,0
Bethany,1,0,0,0
Kylee,1,0,0,0
Laney,1,0,0,0
Chaya,1,0,0,0
Julie,1,0,0,0
Carly,1,0,0,0
Eileen,1,0,0,0
Lara,1,0,0,0
Kimber,1,0,0,0
Marleigh,1,0,0,0
Kassidy,1,0,0,0
Noah,1,0,0,0
Jamie,1,0,0,0
Allyson,1,0,0,0
Anahi,0,0,1,0
Penny,1,0,0,0
Hayley,1,0,0,0
Kenna,1,0,0,0
Ashlyn,1,0,0,0
Noemi,0,0,1,0
Kinslee,1,0,0,0
Jolie,1,0,0,0
Dani,1,0,0,0
Hadlee,1,0,0,0
Janiyah,0,1,0,0
Katelyn,1,0,0,0
Sariyah,0,1,0,0
Azariah,0,1,0,0
Lea,1,0,0,0
Cadence,1,0,0,0
Ila,1,0,0,0
Rivka,1,0,0,0
Yareli,0,0,1,0
Kamiyah,0,1,0,0
Kara,1,0,0,0
Baylee,1,0,0,0
Novalee,1,0,0,0
Ashlynn,1,0,0,0
Denver,1,0,0,0
Galilea,0,0,1,0
Harlee,1,0,0,0
Jaylah,0,1,0,0
Bria,0,1,0,0
Kallie,1,0,0,0
Aubrie,1,0,0,0
Madisyn,1,0,0,0
Lacey,1,0,0,0
Andi,1,0,0,0
Leilany,0,0,1,0
Saoirse,1,0,0,0
Adele,1,0,0,0
Drew,1,0,0,0
Bailee,1,0,0,0
Hunter,1,0,0,0
Kamari,0,1,0,0
Layne,1,0,0,0
Scout,1,0,0,0
Zaniyah,0,1,0,0
Dulce,0,0,1,0
Clare,1,0,0,0
Rebekah,1,0,0,0
Kelly,1,0,0,0
Linda,1,0,0,0
Kairi,0,1,0,0
Ryann,1,0,0,0
Gwen,1,0,0,0
Khalani,0,1,0,0
Marianna,1,0,0,0
Addyson,1,0,0,0
Karter,1,0,0,0
Elyse,1,0,0,0
Marisol,0,0,1,0
Malayah,0,1,0,0
Chandler,1,0,0,0
Baylor,1,0,0,0
Princess,0,1,0,0
Shay,1,0,0,0
Hadleigh,1,0,0,0
Zaria,0,1,0,0
Addisyn,1,0,0,0
Deborah,1,0,0,0
Kimora,0,1,0,0
Julissa,0,0,1,0
Robin,1,0,0,0
Austyn,1,0,0,0
Ellen,1,0,0,0
Kynlee,1,0,0,0
Madalyn,1,0,0,0
Stormi,1,0,0,0
Ayleen,0,0,1,0
Brylee,1,0,0,0
Araceli,0,0,1,0
Egypt,0,1,0,0
Iliana,0,0,1,0
Paityn,1,0,0,0
Billie,1,0,0,0
Haylee,1,0,0,0
Nancy,1,0,0,0
Taytum,1,0,0,0
Rylan,1,0,0,0
Kailey,1,0,0,0
Arleth,0,0,1,0
Judith,1,0,0,0
Paola,0,0,1,0
Braylee,1,0,0,0
Itzayana,0,0,1,0
Aniya,0,1,0,0
Azaria,0,1,0,0
Kamilah,0,1,0,0
Kyleigh,1,0,0,0
Nataly,0,0,1,0
Kathleen,1,0,0,0
Meghan,1,0,0,0
Luisa,0,0,1,0
Ryder,1,0,0,0
Ansley,1,0,0,0
Jaylin,0,1,0,0
Jillian,1,0,0,0
Majesty,0,1,0,0
Kaylie,1,0,0,0
Elisabeth,1,0,0,0
Casey,1,0,0,0
Alyson,1,0,0,0
Amayah,0,1,0,0
Cara,1,0,0,0
Corinne,1,0,0,0
Lakelynn,1,0,0,0
Lisa,1,0,0,0
Guadalupe,0,0,1,0
Luz,0,0,1,0
Shea,1,0,0,0
Aura,0,0,1,0
Sarahi,0,0,1,0
Belle,1,0,0,0
Lakelyn,1,0,0,0
Spencer,1,0,0,0
Rae,1,0,0,0
Dixie,1,0,0,0
Yamileth,0,0,1,0
Emani,0,1,0,0
Vayda,1,0,0,0
Blessing,0,1,0,0
Rowyn,1,0,0,0
Raylee,1,0,0,0
Dana,1,0,0,0
Kenia,0,0,1,0
Taliyah,0,1,0,0
Jana,1,0,0,0
Arden,1,0,0,0
Karen,1,0,0,0
Leylani,0,0,1,0
Carsyn,1,0,0,0
Jurnee,0,1,0,0
Ann,1,0,0,0
Nathaly,0,0,1,0
Susan,1,0,0,0
Esperanza,0,0,1,0
Ariadna,0,0,1,0
Rhiannon,1,0,0,0
Ayana,0,1,0,0
Zaira,0,0,1,0
Darcy,1,0,0,0
Harleigh,1,0,0,0
Quincy,0,1,0,0
Queen,0,1,0,0
Christine,1,0,0,0
Karlee,1,0,0,0
Sailor,1,0,0,0
Annalee,1,0,0,0
Arely,0,0,1,0
Riya,0,0,0,1
Aminah,0,1,0,0
Campbell,1,0,0,0
Robyn,1,0,0,0
Emilie,1,0,0,0
Kacey,1,0,0,0
Madalynn,1,0,0,0
Ayanna,0,1,0,0
Kinsleigh,1,0,0,0
Alaiyah,0,1,0,0
Amiya,0,1,0,0
Mollie,1,0,0,0
Hailee,1,0,0,0
Libby,1,0,0,0
Akira,0,1,0,0
Evalyn,1,0,0,0
Kamora,0,1,0,0
Miya,0,1,0,0
Perla,0,0,1,0
Rubi,0,0,1,0
Wendy,1,0,0,0
Alba,0,0,1,0
Cielo,0,0,1,0
Inaya,0,1,0,0
Amia,0,1,0,0
Arisbeth,0,0,1,0
Yaritza,0,0,1,0
Amiri,0,1,0,0
Mireya,0,0,1,0
Denisse,0,0,1,0
Saniyah,0,1,0,0
Nailah,0,1,0,0
Samiyah,0,1,0,0
Adilene,0,0,1,0
Jazzlyn,0,1,0,0
Juana,0,0,1,0
Kenya,0,1,0,0
Valencia,0,1,0,0
Grecia,0,0,1,0
Safiya,0,1,0,0
Diamond,0,1,0,0
Khari,0,1,0,0
Xochitl,0,0,1,0
Aranza,0,0,1,0
Anyla,0,1,0,0
Anayah,0,1,0,0
Essence,0,1,0,0
Zion,0,1,0,0
Asia,0,1,0,0
Monserrat,0,0,1,0
Ailyn,0,0,1,0
Milagros,0,0,1,0
Janiya,0,1,0,0
Jalayah,0,1,0,0
Khalia,0,1,0,0
Sanai,0,1,0,0
Anaiah,0,1,0,0
Jalani,0,1,0,0
Kianna,0,1,0,0
Maite,0,0,1,0
Maple,0,1,0,0
Azul,0,0,1,0
Yarely,0,0,1,0
Kamiya,0,1,0,0
Jamila,0,1,0,0
Italy,0,1,0,0
Kaliah,0,1,0,0
Marcela,0,0,1,0
Mariela,0,0,1,0
Mayra,0,0,1,0
Yuliana,0,0,1,0
Alaysia,0,1,0,0
Aracely,0,0,1,0
Damaris,0,0,1,0
Lucero,0,0,1,0
Odessa,0,1,0,0
Jaleah,0,1,0,0
Khadijah,0,1,0,0
Noelia,0,0,1,0
Unique,0,1,0,0
Empress,0,1,0,0
Iyanna,0,1,0,0
Yazmin,0,0,1,0
Amya,0,1,0,0
Ameerah,0,1,0,0
Chevelle,0,1,0,0
Janyla,0,1,0,0
Lizeth,0,0,1,0
Laniyah,0,1,0,0
Sahana,0,0,0,1
Aiyanna,0,1,0,0
Shanaya,0,1,0,0
Elsy,0,0,1,0
Hawa,0,1,0,0
Kalayah,0,1,0,0
Taliah,0,1,0,0
Yesenia,0,0,1,0
Ahana,0,0,0,1
Yamilet,0,0,1,0
Estela,0,0,1,0
Gisselle,0,0,1,0
Xitlali,0,0,1,0
Keiry,0,0,1,0
Yaneli,0,0,1,0
Beatriz,0,0,1,0
Akshara,0,0,0,1
Dafne,0,0,1,0
Kynnedi,0,1,0,0
Amiracle,0,1,0,0
Armoni,0,1,0,0
Graciela,0,0,1,0
Niya,0,1,0,0
Miyah,0,1,0,0
Adlee,0,1,0,0
Arayah,0,1,0,0
Areli,0,0,1,0
Ashanti,0,1,0,0
Divine,0,1,0,0
Estefany,0,0,1,0
Heidy,0,0,1,0
Jamiyah,0,1,0,0
Tiara,0,1,0,0
Litzy,0,0,1,0
Maleni,0,0,1,0
Tamia,0,1,0,0
Zulema,0,0,1,0
Zayda,0,0,1,0
Angely,0,0,1,0
Fatimah,0,1,0,0
Kiari,0,1,0,0
Ainara,0,0,1,0
Amaria,0,1,0,0
Caliyah,0,1,0,0
Flor,0,0,1,0
Blanca,0,0,1,0
Maribel,0,0,1,0
Samaya,0,1,0,0
Vianney,0,0,1,0
Mahogany,0,1,0,0
Makiyah,0,1,0,0
Maritza,0,0,1,0
Navya,0,0,0,1
Johana,0,0,1,0
Nya,0,1,0,0
Aziyah,0,1,0,0
Jaylen,0,1,0,0
Kamya,0,1,0,0
Citlali,0,0,1,0
Emoni,0,1,0,0
Gema,0,0,1,0
Sade,0,1,0,0
Samaria,0,1,0,0
Sury,0,0,1,0
Zaida,0,0,1,0
Maylin,0,0,1,0
Nariyah,0,1,0,0
Yoselin,0,0,1,0
Mariajose,0,0,1,0
Amyah,0,1,0,0
Avia,0,1,0,0
Azeneth,0,0,1,0
Ziyah,0,1,0,0
Brisa,0,0,1,0
Josefina,0,0,1,0
Sheyla,0,0,1,0
Anayeli,0,0,1,0
Marbella,0,0,1,0
Rocio,0,0,1,0
Arianny,0,0,1,0
Shreya,0,0,0,1
Evelin,0,0,1,0
Ileana,0,0,1,0
Jadore,0,1,0,0
Precious,0,1,0,0
Aleyda,0,0,1,0
Karely,0,0,1,0
Deja,0,1,0,0
Fatoumata,0,1,0,0
Lizzie,0,1,0,0
Niyah,0,1,0,0
Janelly,0,0,1,0
Samiya,0,1,0,0
Inayah,0,1,0,0
Malika,0,1,0,0
Zya,0,1,0,0
Aliyana,0,1,0,0
Amour,0,1,0,0
Estefania,0,0,1,0
Iyana,0,1,0,0
Jakayla,0,1,0,0
Kaniyah,0,1,0,0
Khali,0,1,0,0
Lovely,0,1,0,0
Dearra,0,1,0,0
Kiyah,0,1,0,0
Lluvia,0,0,1,0
Malaika,0,1,0,0
Mayeli,0,0,1,0
Kamara,0,1,0,0
Liyah,0,1,0,0
Vianey,0,0,1,0
Zaniya,0,1,0,0
Janaya,0,1,0,0
Aniah,0,1,0,0
Fiorella,0,0,1,0
Kamaya,0,1,0,0
Lennyn,0,0,1,0
Eliany,0,0,1,0
Sequoia,0,1,0,0
Zipporah,0,1,0,0
Anaiya,0,1,0,0
Jalaya,0,1,0,0
Kamaria,0,1,0,0
Kavya,0,0,0,1
Kelis,0,1,0,0
Zariya,0,1,0,0
Anali,0,0,1,0
Analy,0,0,1,0
Lourdes,0,0,1,0
Nailea,0,0,1,0
Camari,0,1,0,0
Maira,0,0,1,0
Nahomi,0,0,1,0
Aditi,0,0,0,1
Janiah,0,1,0,0
Kamani,0,1,0,0
Aalayah,0,1,0,0
Aminata,0,1,0,0
Elianny,0,0,1,0
Zamiyah,0,1,0,0
Ariyanna,0,1,0,0
Kaleia,0,1,0,0
Koi,0,1,0,0
Mei,0,0,0,1
Keidy,0,0,1,0
Skarlett,0,0,1,0
Yulissa,0,0,1,0
Eimy,0,0,1,0
Isela,0,0,1,0
Kahlia,0,1,0,0
Kamiah,0,1,0,0
Teyana,0,1,0,0
Camiyah,0,1,0,0
Ivette,0,0,1,0
Damiyah,0,1,0,0
Heiress,0,1,0,0
Jamia,0,1,0,0
Justyce,0,1,0,0
Nalah,0,1,0,0
Aleida,0,0,1,0
Aloni,0,1,0,0
Daniyah,0,1,0,0
Katara,0,1,0,0
Yahaira,0,0,1,0
Adaly,0,0,1,0
Amoni,0,1,0,0
Anabel,0,0,1,0
Jamilah,0,1,0,0
Mayte,0,0,1,0
Amaiya,0,1,0,0
Ambar,0,0,1,0
Dayanara,0,0,1,0
Eliani,0,0,1,0
Indya,0,1,0,0
Islah,0,1,0,0
Nyasia,0,1,0,0
Talayah,0,1,0,0
Taniyah,0,1,0,0
Zaryah,0,1,0,0
Cesia,0,0,1,0
Nohemi,0,0,1,0
Ariyana,0,1,0,0
Aylen,0,0,1,0
Raniyah,0,1,0,0
Sahily,0,0,1,0
Adelaida,0,0,1,0
Adhara,0,0,1,0
Idalia,0,0,1,0
Kamia,0,1,0,0
Kimani,0,1,0,0
Mariama,0,1,0,0
Yeimy,0,0,1,0
Ishani,0,0,0,1
Amaiah,0,1,0,0
Jackeline,0,0,1,0
Jermani,0,1,0,0
Ziah,0,1,0,0
Daliyah,0,1,0,0
Janai,0,1,0,0
Janely,0,0,1,0
Marlen,0,0,1,0
Jamiah,0,1,0,0
Jelani,0,1,0,0
Nahomy,0,0,1,0
Zoha,0,0,0,1
Grettel,0,0,1,0
Lemon,0,1,0,0
Lupita,0,0,1,0
Makiya,0,1,0,0
Monae,0,1,0,0
Niah,0,1,0,0
Anaiyah,0,1,0,0
Keisha,0,1,0,0
Briseyda,0,0,1,0
Karime,0,0,1,0
Khaliyah,0,1,0,0
Magaly,0,0,1,0
Maloni,0,1,0,0
Arantza,0,0,1,0
Deisy,0,0,1,0
Layana,0,1,0,0
Maricela,0,0,1,0
Shriya,0,0,0,1
Yemaya,0,1,0,0
Cing,0,0,0,1
Jamya,0,1,0,0
Naiya,0,1,0,0
Saray,0,0,1,0
Yadira,0,0,1,0
Zakiya,0,1,0,0
Amarii,0,1,0,0
Erielle,0,1,0,0
Jaela,0,1,0,0
Khori,0,1,0,0
Moon,0,0,0,1
Myracle,0,1,0,0
Yamila,0,0,1,0
Yohana,0,0,1,0
Dariela,0,0,1,0
Emari,0,1,0,0
Emmanuella,0,1,0,0
Liani,0,0,1,0
Marleny,0,0,1,0
Passion,0,1,0,0
Zakiyah,0,1,0,0
Zaniah,0,1,0,0
Deysi,0,0,1,0
Kalilah,0,1,0,0
Keisy,0,0,1,0
Leonor,0,0,1,0
Milagro,0,0,1,0
Symone,0,1,0,0
Zury,0,0,1,0
Alayia,0,1,0,0
Amairani,0,0,1,0
Essie,0,1,0,0
Jamiya,0,1,0,0
Kierra,0,1,0,0
Nubia,0,0,1,0
Samora,0,1,0,0
Serayah,0,1,0,0
Zayra,0,0,1,0
Zori,0,1,0,0
Atarah,0,1,0,0
Charisma,0,1,0,0
Metzli,0,0,1,0
Niara,0,1,0,0
Paradise,0,1,0,0
Sila,0,0,1,0
Aaleyah,0,1,0,0
Alaysha,0,1,0,0
Deasia,0,1,0,0
Kaniya,0,1,0,0
Nayelli,0,0,1,0
Rafaela,0,0,1,0
Swara,0,0,0,1
Treazure,0,1,0,0
Amairany,0,0,1,0
Avionna,0,1,0,0
Bindi,0,0,0,1
Estefani,0,0,1,0
Gianella,0,0,1,0
Inari,0,1,0,0
Jailene,0,0,1,0
Keturah,0,1,0,0
Mecca,0,1,0,0
Mishika,0,1,0,0
Monet,0,1,0,0
Rosetta,0,1,0,0
Tayanna,0,1,0,0
Yajaira,0,0,1,0
Amada,0,0,1,0
Amariyah,0,1,0,0
Aurielle,0,1,0,0
Jahlani,0,1,0,0
Jalissa,0,1,0,0
Kamyah,0,1,0,0
Lennix,0,1,0,0
Marisela,0,0,1,0
Nyelle,0,1,0,0
Raniya,0,1,0,0
Sincere,0,1,0,0
Suhana,0,0,0,1
Tahiry,0,0,1,0
Taniya,0,1,0,0
Tyanna,0,1,0,0
Adamaris,0,0,1,0
Alany,0,0,1,0
Amaiyah,0,1,0,0
Dayra,0,0,1,0
Itzia,0,0,1,0
Kymani,0,1,0,0
Matilde,0,0,1,0
Scarleth,0,0,1,0
Semaj,0,1,0,0
Zyanna,0,1,0,0
Aamira,0,1,0,0
Griselda,0,0,1,0
Kamira,0,1,0,0
Maylen,0,0,1,0
Mirna,0,0,1,0
Yessenia,0,0,1,0
Zemirah,0,1,0,0
Zyah,0,1,0,0
Anyeli,0,0,1,0
Ariam,0,0,1,0
Bellatrix,0,0,1,0
Breonna,0,1,0,0
Briseida,0,0,1,0
Dasia,0,1,0,0
Kambria,0,1,0,0
Ridhi,0,0,0,1
Wisdom,0,1,0,0
Yaiza,0,0,1,0
Aaniyah,0,1,0,0
Airam,0,0,1,0
Aleeyah,0,1,0,0
Anai,0,0,1,0
Infinity,0,1,0,0
Laniya,0,1,0,0
Yalitza,0,0,1,0
Zamari,0,1,0,0
Zamaya,0,1,0,0
Zyana,0,1,0,0
Cruz,0,0,1,0
Ebony,0,1,0,0
Jamaya,0,1,0,0
Kaliya,0,1,0,0
Macarena,0,0,1,0
Mailen,0,0,1,0
Mariely,0,0,1,0
Sakari,0,1,0,0
Shanelle,0,1,0,0
Zuleyka,0,0,1,0
Adamari,0,0,1,0
Divya,0,0,0,1
Dynasty,0,1,0,0
Giannina,0,0,1,0
Jeimy,0,0,1,0
Mailyn,0,0,1,0
Aneliz,0,0,1,0
Joselin,0,0,1,0
Nayra,0,0,1,0
Odalys,0,0,1,0
Yazlin,0,0,1,0
Yoselyn,0,0,1,0
Anasofia,0,0,1,0
Constanza,0,0,1,0
Danitza,0,0,1,0
Khushi,0,0,0,1
Nazly,0,0,1,0
Rin,0,0,0,1
Rosali,0,0,1,0
Zyanya,0,0,1,0
Ailin,0,0,1,0
Citlaly,0,0,1,0
Ivelisse,0,0,1,0
Jazleen,0,0,1,0
Ariani,0,0,1,0
Bibiana,0,0,1,0
Irlanda,0,0,1,0
Marely,0,0,1,0
Mariafernanda,0,0,1,0
Simran,0,0,0,1
Analiz,0,0,1,0
Ariany,0,0,1,0
Dayami,0,0,1,0
Haydee,0,0,1,0
Leylany,0,0,1,0
Naidelyn,0,0,1,0
Vaishnavi,0,0,0,1
Yanet,0,0,1,0
Yelitza,0,0,1,0
Yurani,0,0,1,0
Anagha,0,0,0,1
Azucena,0,0,1,0
Chi,0,0,0,1
Emelina,0,0,1,0
Isamar,0,0,1,0
Yaslin,0,0,1,0
Aishani,0,0,0,1
Amayrani,0,0,1,0
Elianis,0,0,1,0
Ivonne,0,0,1,0
Jamileth,0,0,1,0
Monserrath,0,0,1,0
Yeimi,0,0,1,0
Aishwarya,0,0,0,1
Alanys,0,0,1,0
An,0,0,0,1
Evelia,0,0,1,0
Jessenia,0,0,1,0
Maricruz,0,0,1,0
Monse,0,0,1,0
Shivani,0,0,0,1
Skarlet,0,0,1,0
Citlalli,0,0,1,0
Daysi,0,0,1,0
Diem,0,0,0,1
Elsi,0,0,1,0
Eyleen,0,0,1,0
Lianny,0,0,1,0
Mayli,0,0,1,0
Nidhi,0,0,0,1
Rosmery,0,0,1,0
Urvi,0,0,0,1
Yanira,0,0,1,0
Yashvi,0,0,0,1
Yulianna,0,0,1,0
Aryam,0,0,1,0
Candelaria,0,0,1,0
Danelly,0,0,1,0
Elianys,0,0,1,0
Maribella,0,0,1,0
Nandini,0,0,0,1
Riddhi,0,0,0,1
Zoraya,0,0,1,0
Aliany,0,0,1,0
Anh,0,0,0,1
Arielis,0,0,1,0
Genessis,0,0,1,0
Iveth,0,0,1,0
Leylanie,0,0,1,0
Melanny,0,0,1,0
Quetzali,0,0,1,0
Saachi,0,0,0,1
Viridiana,0,0,1,0
Aurea,0,0,1,0
Elany,0,0,1,0
Gimena,0,0,1,0
Idaly,0,0,1,0
Janeli,0,0,1,0
Kareli,0,0,1,0
Lucila,0,0,1,0
Mariangel,0,0,1,0
Medha,0,0,0,1
Milany,0,0,1,0
Neha,0,0,0,1
Sanjana,0,0,0,1
Mehreen,0,0,0,1
Vy,0,0,0,1
Sumaiya,0,0,0,1
Megha,0,0,0,1
Siddhi,0,0,0,1
Suhani,0,0,0,1
Amreen,0,0,0,1
Shreeya,0,0,0,1
Gargi,0,0,0,1
Yue,0,0,0,1
Akshaya,0,0,0,1
Krithika,0,0,0,1
Nishtha,0,0,0,1
Paw,0,0,0,1
Priyanka,0,0,0,1
Adithi,0,0,0,1
Afreen,0,0,0,1
Gurleen,0,0,0,1
Jannatul,0,0,0,1
Linh,0,0,0,1
Mahima,0,0,0,1
Nithya,0,0,0,1
Dhwani,0,0,0,1
Dim,0,0,0,1
Harini,0,0,0,1
Kriti,0,0,0,1
Meghna,0,0,0,1
Mehak,0,0,0,1
Eh,0,0,0,1
Heera,0,0,0,1
Ishita,0,0,0,1
Mahathi,0,0,0,1
Raheel,0,0,0,1
Srishti,0,0,0,1
Vung,0,0,0,1
Zulaikha,0,0,0,1
Ai,0,0,0,1
Ciin,0,0,0,1
Dhruvi,0,0,0,1
Jun,0,0,0,1
Inaara,0,0,0,1
Jhanvi,0,0,0,1
Mang,0,0,0,1
Niharika,0,0,0,1
Niyati,0,0,0,1
Pragya,0,0,0,1
Prapti,0,0,0,1
Rubab,0,0,0,1
Samreen,0,0,0,1
Shraddha,0,0,0,1
Sonam,0,0,0,1
Sriya,0,0,0,1
Vaidehi,0,0,0,1
Anum,0,0,0,1
Arushi,0,0,0,1
Asmi,0,0,0,1
Jiaying,0,0,0,1
My,0,0,0,1
Nareth,0,0,0,1
Saleha,0,0,0,1
Samyukta,0,0,0,1
Umme,0,0,0,1
Vidhi,0,0,0,1
Xin,0,0,0,1
Akshita,0,0,0,1
Amrutha,0,0,0,1
Avantika,0,0,0,1
Azmina,0,0,0,1
Han,0,0,0,1
Himani,0,0,0,1
Izumi,0,0,0,1
Jisoo,0,0,0,1
Juhi,0,0,0,1
Man,0,0,0,1
Ngoc,0,0,0,1
Quyen,0,0,0,1
Roohi,0,0,0,1
Say,0,0,0,1
Sehar,0,0,0,1
Shreeja,0,0,0,1
Sui,0,0,0,1
Aneri,0,0,0,1
Anvita,0,0,0,1
Gauri,0,0,0,1
Jin,0,0,0,1
Kainat,0,0,0,1
Mithila,0,0,0,1
Moo,0,0,0,1
Mukti,0,0,0,1
Naw,0,0,0,1
Sakhi,0,0,0,1
Samhitha,0,0,0,1
Sifat,0,0,0,1
Smriti,0,0,0,1
Sneha,0,0,0,1
Tam,0,0,0,1
Aashka,0,0,0,1
Aashna,0,0,0,1
Afrin,0,0,0,1
Anmol,0,0,0,1
Annapurna,0,0,0,1
Anushree,0,0,0,1
Aparna,0,0,0,1
Bhavya,0,0,0,1
Chau,0,0,0,1
Fareeha,0,0,0,1
Farhana,0,0,0,1
Fizza,0,0,0,1
Kritika,0,0,0,1
Lam,0,0,0,1
Mahalakshmi,0,0,0,1
Mylinh,0,0,0,1
Ngan,0,0,0,1
Nirali,0,0,0,1
Noorulain,0,0,0,1
Pragnya,0,0,0,1
Quynh,0,0,0,1
Rashmika,0,0,0,1
Rithika,0,0,0,1
Ritika,0,0,0,1
Sharanya,0,0,0,1
Shruti,0,0,0,1
Stuti,0,0,0,1
Tien,0,0,0,1
Yilin,0,0,0,1
Ishaan,0,0,0,1
Veer,0,0,0,1
Dhruv,0,0,0,1
Arham,0,0,0,1
Ansh,0,0,0,1
Shaurya,0,0,0,1
Samarth,0,0,0,1
Pranav,0,0,0,1
Aditya,0,0,0,1
Vedant,0,0,0,1
Sahil,0,0,0,1
Shlok,0,0,0,1
Atharva,0,0,0,1
Abhiram,0,0,0,1
Daksh,0,0,0,1
Keshav,0,0,0,1
Aayush,0,0,0,1
Eshaan,0,0,0,1
Arnav,0,0,0,1
Ayush,0,0,0,1
Arsh,0,0,0,1
Shreyas,0,0,0,1
Raghav,0,0,0,1
Akhil,0,0,0,1
Thang,0,0,0,1
Shrey,0,0,0,1
Akshar,0,0,0,1
Vyom,0,0,0,1
Khang,0,0,0,1
Mihir,0,0,0,1
Parth,0,0,0,1
Aarish,0,0,0,1
Affan,0,0,0,1
Jian,0,0,0,1
Akshay,0,0,0,1
Abhay,0,0,0,1
Sathvik,0,0,0,1
Abhinav,0,0,0,1
Kien,0,0,0,1
Liem,0,0,0,1
Pau,0,0,0,1
Rishabh,0,0,0,1
Soham,0,0,0,1
Aaditya,0,0,0,1
Aakash,0,0,0,1
Karthik,0,0,0,1
Minh,0,0,0,1
Shivam,0,0,0,1
Joon,0,0,0,1
Saw,0,0,0,1
Arslan,0,0,0,1
Khoa,0,0,0,1
Mehtab,0,0,0,1
Thien,0,0,0,1
Adithya,0,0,0,1
Kush,0,0,0,1
Sun,0,0,0,1
Sarthak,0,0,0,1
Rishav,0,0,0,1
Vaibhav,0,0,0,1
Tae,0,0,0,1
Vinh,0,0,0,1
Khoi,0,0,0,1
Nam,0,0,0,1
Prithvi,0,0,0,1
Bao,0,0,0,1
Siddhant,0,0,0,1
Sriram,0,0,0,1
Vivek,0,0,0,1
Yi,0,0,0,1
Pratham,0,0,0,1
Sho,0,0,0,1
Akshat,0,0,0,1
Gautam,0,0,0,1
Huy,0,0,0,1
Kap,0,0,0,1
Khup,0,0,0,1
Rajvir,0,0,0,1
Saketh,0,0,0,1
Satvik,0,0,0,1
Xai,0,0,0,1
Yu,0,0,0,1
Adarsh,0,0,0,1
Aneesh,0,0,0,1
Bawi,0,0,0,1
Dhairya,0,0,0,1
Ritvik,0,0,0,1
Shubham,0,0,0,1
Vikrant,0,0,0,1
Abhi,0,0,0,1
Abuzar,0,0,0,1
Archit,0,0,0,1
Cin,0,0,0,1
Cung,0,0,0,1
Fen,0,0,0,1
Hanish,0,0,0,1
Hieu,0,0,0,1
Jeet,0,0,0,1
Jiho,0,0,0,1
Kyo,0,0,0,1
Mu,0,0,0,1
Rishab,0,0,0,1
Sachit,0,0,0,1
Sohil,0,0,0,1
Sumedh,0,0,0,1
Aarsh,0,0,0,1
Harsha,0,0,0,1
Jimin,0,0,0,1
Khizer,0,0,0,1
Lan,0,0,0,1
Li,0,0,0,1
Loc,0,0,0,1
Long,0,0,0,1
Mison,0,0,0,1
Salmaan,0,0,0,1
Siam,0,0,0,1
Tuan,0,0,0,1
Xi,0,0,0,1
