Name,usa.male,usa.female,uk.male,uk.female
Olivia,0,1,0,1
Emma,0,1,0,1
Charlotte,0,1,0,1
Amelia,0,1,0,1
Ava,0,1,0,1
Sophia,0,1,0,1
Isabella,0,1,0,1
Mia,0,1,0,1
Evelyn,0,1,0,1
Harper,0,1,0,1
Luna,0,1,0,1
Camila,0,1,0,1
Gianna,0,1,0,1
Elizabeth,0,1,0,1
Eleanor,0,1,0,1
Ella,0,1,0,1
Abigail,0,1,0,1
Sofia,0,1,0,1
Avery,1,1,1,1
Scarlett,0,1,0,1
Emily,0,1,0,1
Aria,0,1,0,1
Penelope,0,1,0,1
Chloe,0,1,0,1
Layla,0,1,0,1
Mila,0,1,0,1
Nora,0,1,0,1
Hazel,0,1,0,1
Madison,0,1,0,1
Ellie,0,1,0,1
Lily,0,1,0,1
Nova,0,1,0,1
Isla,0,1,0,1
Grace,0,1,0,1
Violet,0,1,0,1
Aurora,0,1,0,1
Riley,1,1,1,1
Zoey,0,1,0,1
Willow,0,1,0,1
Emilia,0,1,0,1
Stella,0,1,0,1
Zoe,0,1,0,1
Victoria,0,1,0,1
Hannah,0,1,0,1
Addison,0,1,1,1
Leah,0,1,0,1
Lucy,0,1,0,1
Eliana,0,1,0,1
Ivy,0,1,0,1
Everly,0,1,0,1
Lillian,0,1,0,1
Paisley,0,1,0,1
Elena,0,1,0,1
Naomi,0,1,0,1
Maya,0,1,0,1
Natalie,0,1,0,1
Kinsley,0,1,0,0
Delilah,0,1,0,1
Claire,0,1,0,1
Audrey,0,1,0,1
Aaliyah,0,1,0,1
Ruby,0,1,0,1
Brooklyn,0,1,1,1
Alice,0,1,0,1
Aubrey,0,1,1,1
Autumn,0,1,0,1
Leilani,0,1,0,1
Savannah,0,1,0,1
Valentina,0,1,0,1
Kennedy,0,1,0,0
Madelyn,0,1,0,1
Josephine,0,1,0,1
Bella,0,1,0,1
Skylar,0,1,0,1
Genesis,0,1,0,0
Sophie,0,1,0,1
Hailey,0,1,0,1
Sadie,0,1,0,1
Natalia,0,1,0,1
Quinn,1,1,1,1
Caroline,0,1,0,1
Allison,0,1,0,0
Gabriella,0,1,0,1
Anna,0,1,0,1
Serenity,0,1,0,1
Nevaeh,0,1,0,1
Cora,0,1,0,1
Ariana,0,1,0,1
Emery,1,1,0,0
Lydia,0,1,0,1
Jade,0,1,0,1
Sarah,0,1,0,1
Eva,0,1,0,1
Adeline,0,1,0,1
Madeline,0,1,0,1
Piper,0,1,0,1
Rylee,0,1,1,1
Athena,0,1,0,1
Peyton,1,1,0,1
Everleigh,0,1,0,1
Vivian,0,1,0,0
Clara,0,1,0,1
Raelynn,0,1,0,0
Liliana,0,1,0,1
Samantha,0,1,0,1
Maria,0,1,0,1
Iris,0,1,0,1
Ayla,0,1,0,1
Eloise,0,1,0,1
Lyla,0,1,0,1
Eliza,0,1,0,1
Hadley,0,1,1,1
Melody,0,1,0,1
Julia,0,1,0,1
Parker,1,1,1,0
Rose,0,1,0,1
Isabelle,0,1,0,1
Brielle,0,1,0,1
Adalynn,0,1,0,0
Arya,0,1,0,1
Eden,1,1,1,1
Remi,1,1,1,1
Mackenzie,0,1,1,1
Maeve,0,1,0,1
Margaret,0,1,0,1
Reagan,0,1,1,0
Charlie,1,1,1,0
Alaia,0,1,0,1
Melanie,0,1,0,1
Josie,0,1,0,1
Elliana,0,1,0,1
Cecilia,0,1,0,1
Mary,0,1,0,1
Daisy,0,1,0,1
Alina,0,1,0,1
Lucia,0,1,0,1
Ximena,0,1,0,0
Juniper,0,1,0,1
Kaylee,0,1,0,0
Magnolia,0,1,0,0
Summer,0,1,0,1
Adalyn,0,1,0,1
Sloane,0,1,0,1
Amara,0,1,0,1
Arianna,0,1,0,1
Isabel,0,1,0,1
Reese,1,1,0,0
Emersyn,0,1,0,0
Sienna,0,1,0,1
Kehlani,0,1,0,1
River,1,1,1,1
Freya,0,1,0,1
Valerie,0,1,0,1
Blakely,0,1,0,0
Genevieve,0,1,0,1
Esther,0,1,0,1
Valeria,0,1,0,1
Katherine,0,1,0,1
Kylie,0,1,0,1
Norah,0,1,0,1
Amaya,0,1,0,1
Bailey,0,1,1,1
Ember,0,1,0,1
Ryleigh,0,1,0,1
Georgia,0,1,0,1
Catalina,0,1,0,1
Emerson,1,1,1,0
Alexandra,0,1,0,1
Faith,0,1,0,1
Jasmine,0,1,0,1
Ariella,0,1,0,1
Ashley,0,1,1,1
Andrea,0,1,0,1
Millie,0,1,0,1
June,0,1,0,1
Khloe,0,1,0,1
Callie,0,1,0,1
Juliette,0,1,0,1
Sage,1,1,0,1
Ada,0,1,0,1
Anastasia,0,1,0,1
Olive,0,1,0,1
Alani,0,1,0,1
Brianna,0,1,0,1
Rosalie,0,1,0,1
Molly,0,1,0,1
Brynlee,0,1,0,0
Amy,0,1,0,1
Ruth,0,1,0,1
Aubree,0,1,0,1
Gemma,0,1,0,0
Taylor,1,1,1,1
Oakley,1,1,1,0
Margot,0,1,0,1
Arabella,0,1,0,1
Sara,0,1,0,1
Journee,0,1,0,0
Harmony,0,1,0,1
Blake,1,1,1,1
Alaina,0,1,0,1
Aspen,1,1,0,0
Noelle,0,1,0,1
Selena,0,1,0,1
Oaklynn,0,1,0,0
Morgan,1,1,1,1
Londyn,0,1,0,0
Zuri,0,1,0,1
Aliyah,0,1,0,1
Jordyn,0,1,0,0
Juliana,0,1,0,0
Finley,1,1,1,0
Presley,0,1,1,0
Zara,0,1,0,1
Leila,0,1,0,1
Marley,1,1,1,1
Sawyer,1,1,0,0
Amira,0,1,0,1
Lilly,0,1,0,1
London,1,1,0,0
Kimberly,0,1,0,0
Elsie,0,1,0,1
Ariel,1,1,0,1
Lila,0,1,0,1
Alana,0,1,0,1
Diana,0,1,0,1
Kamila,0,1,0,0
Nyla,0,1,0,1
Vera,0,1,0,1
Hope,0,1,0,1
Annie,0,1,0,1
Kaia,0,1,0,1
Myla,0,1,0,1
Alyssa,0,1,0,1
Angela,0,1,0,1
Ana,0,1,0,1
Lennon,1,1,1,1
Evangeline,0,1,0,1
Harlow,0,1,1,1
Rachel,0,1,0,1
Gracie,0,1,0,1
Rowan,1,1,1,0
Laila,0,1,0,1
Elise,0,1,0,1
Sutton,1,1,0,0
Lilah,0,1,0,1
Adelyn,0,1,0,0
Phoebe,0,1,0,1
Octavia,0,1,0,1
Sydney,0,1,0,1
Mariana,0,1,0,1
Wren,1,1,1,1
Lainey,0,1,0,1
Vanessa,0,1,0,1
Teagan,0,1,0,0
Kayla,0,1,0,1
Malia,0,1,0,1
Elaina,0,1,0,1
Saylor,0,1,0,0
Brooke,0,1,0,1
Lola,0,1,0,1
Miriam,0,1,0,1
Alayna,0,1,0,1
Adelaide,0,1,0,1
Daniela,0,1,0,1
Jane,0,1,0,0
Payton,1,1,0,1
Journey,0,1,0,0
Lilith,0,1,0,1
Delaney,0,1,0,0
Dakota,1,1,0,1
Mya,0,1,0,1
Charlee,0,1,0,0
Alivia,0,1,0,1
Annabelle,0,1,0,1
Kailani,0,1,0,0
Lucille,0,1,0,0
Trinity,0,1,0,0
Gia,0,1,0,1
Tatum,1,1,0,0
Raegan,0,1,0,0
Camille,0,1,0,1
Kaylani,0,1,0,0
Kali,0,1,0,1
Stevie,0,1,0,1
Maggie,0,1,0,1
Haven,1,1,0,0
Tessa,0,1,0,1
Daphne,0,1,0,1
Adaline,0,1,0,1
Hayden,1,1,1,0
Joanna,0,1,0,1
Jocelyn,0,1,0,1
Lena,0,1,0,1
Evie,0,1,0,1
Juliet,0,1,0,1
Fiona,0,1,0,0
Cataleya,0,1,0,1
Angelina,0,1,0,1
Leia,0,1,0,1
Paige,0,1,0,1
Julianna,0,1,0,0
Milani,0,1,0,1
Talia,0,1,0,1
Rebecca,0,1,0,1
Kendall,1,1,0,1
Harley,1,1,1,1
Lia,0,1,0,1
Phoenix,1,1,1,1
Dahlia,0,1,0,1
Logan,1,1,1,0
Camilla,0,1,0,1
Thea,0,1,0,1
Jayla,0,1,0,1
Brooklynn,0,1,0,0
Blair,0,1,0,1
Vivienne,0,1,0,1
Hallie,0,1,0,1
Madilyn,0,1,0,0
Mckenna,0,1,0,0
Evelynn,0,1,0,1
Ophelia,0,1,0,1
Celeste,0,1,0,1
Alayah,0,1,0,1
Winter,0,1,0,1
Catherine,0,1,0,1
Collins,0,1,0,0
Nina,0,1,0,1
Briella,0,1,0,0
Palmer,1,1,0,0
Noa,0,1,1,1
Mckenzie,0,1,1,0
Kiara,0,1,0,1
Amari,1,1,1,1
Adriana,0,1,0,1
Gracelynn,0,1,0,0
Lauren,0,1,0,1
Cali,0,1,0,1
Kalani,0,1,0,0
Aniyah,0,1,0,1
Nicole,0,1,0,1
Alexis,1,1,0,1
Mariah,0,1,0,0
Gabriela,0,1,0,1
Wynter,0,1,0,1
Amina,0,1,0,1
Ariyah,0,1,0,1
Adelynn,0,1,0,0
Remington,1,1,0,0
Reign,1,1,1,1
Alaya,0,1,0,1
Dream,0,1,0,0
Alexandria,0,1,0,1
Willa,0,1,0,1
Avianna,0,1,0,0
Makayla,0,1,0,0
Gracelyn,0,1,0,0
Elle,0,1,0,1
Amiyah,0,1,0,1
Arielle,0,1,0,1
Elianna,0,1,0,0
Giselle,0,1,0,0
Brynn,0,1,0,0
Ainsley,0,1,0,0
Aitana,0,1,0,0
Charli,0,1,0,0
Demi,0,1,0,1
Makenna,0,1,0,0
Rosemary,0,1,0,1
Danna,0,1,0,0
Izabella,0,1,0,1
Lilliana,0,1,0,1
Melissa,0,1,0,1
Samara,0,1,0,0
Lana,0,1,0,1
Mabel,0,1,0,1
Everlee,0,1,0,0
Fatima,0,1,0,1
Leighton,1,1,1,0
Esme,0,1,0,1
Raelyn,0,1,0,0
Madeleine,0,1,0,1
Nayeli,0,1,0,0
Camryn,1,1,0,0
Kira,0,1,0,1
Annalise,0,1,0,1
Selah,0,1,0,0
Serena,0,1,0,1
Royalty,0,1,0,0
Rylie,0,1,0,0
Celine,0,1,0,1
Laura,0,1,0,1
Brinley,0,1,0,0
Frances,0,1,0,1
Michelle,0,1,0,1
Heidi,0,1,0,1
Rory,1,1,1,0
Sabrina,0,1,0,1
Destiny,0,1,0,1
Gwendolyn,0,1,0,0
Alessandra,0,1,0,0
Poppy,0,1,0,1
Amora,0,1,0,1
Nylah,0,1,0,1
Luciana,0,1,0,1
Maisie,0,1,0,1
Miracle,0,1,0,0
Joy,0,1,0,1
Liana,0,1,0,1
Raven,0,1,0,1
Shiloh,1,1,1,1
Allie,0,1,0,0
Daleyza,0,1,0,0
Kate,0,1,0,1
Lyric,1,1,0,0
Alicia,0,1,0,1
Lexi,0,1,0,1
Addilyn,0,1,0,0
Anaya,0,1,0,1
Malani,0,1,0,0
Paislee,0,1,0,0
Elisa,0,1,0,1
Kayleigh,0,1,0,0
Azalea,0,1,0,1
Francesca,0,1,0,1
Jordan,1,1,1,0
Regina,0,1,0,0
Viviana,0,1,0,0
Aylin,0,1,0,1
Skye,0,1,0,1
Daniella,0,1,0,1
Makenzie,0,1,0,0
Veronica,0,1,0,1
Legacy,1,1,0,0
Maia,0,1,0,1
Ariah,0,1,0,1
Alessia,0,1,0,1
Carmen,0,1,0,1
Astrid,0,1,0,1
Maren,0,1,0,0
Helen,0,1,0,1
Felicity,0,1,0,1
Alexa,0,1,0,0
Danielle,0,1,0,1
Lorelei,0,1,0,1
Paris,0,1,0,1
Adelina,0,1,0,1
Bianca,0,1,0,1
Gabrielle,0,1,0,1
Jazlyn,0,1,0,0
Scarlet,0,1,0,1
Bristol,0,1,0,0
Navy,0,1,0,1
Esmeralda,0,1,0,1
Colette,0,1,0,0
Stephanie,0,1,0,1
Jolene,0,1,0,0
Marlee,0,1,0,1
Sarai,0,1,0,0
Hattie,0,1,0,1
Nadia,0,1,0,1
Rosie,0,1,0,1
Kamryn,1,1,0,0
Kenzie,0,1,1,0
Alora,0,1,0,1
Holly,0,1,0,1
Matilda,0,1,0,1
Sylvia,0,1,0,1
Cameron,1,1,1,0
Armani,1,1,0,0
Emelia,0,1,0,1
Keira,0,1,0,1
Braelynn,0,1,0,0
Jacqueline,0,1,0,0
Alison,0,1,0,0
Amanda,0,1,0,1
Cassidy,0,1,0,1
Emory,1,1,0,0
Ari,1,1,1,0
Haisley,0,1,0,0
Jimena,0,1,0,0
Jessica,0,1,0,1
Elaine,0,1,0,0
Dorothy,0,1,0,1
Mira,0,1,0,1
Eve,0,1,0,1
Oaklee,0,1,0,0
Averie,0,1,0,0
Charleigh,0,1,0,0
Lyra,0,1,0,1
Madelynn,0,1,0,0
Angel,1,1,0,1
Edith,0,1,0,1
Jennifer,0,1,0,1
Raya,0,1,0,1
Ryan,1,1,1,0
Heaven,0,1,0,0
Kyla,0,1,0,1
Wrenley,0,1,0,0
Meadow,0,1,0,1
Carter,1,0,1,0
Kora,0,1,0,1
Saige,0,1,0,0
Kinley,0,1,0,0
Maci,0,1,0,0
Mae,0,1,0,1
Salem,1,1,0,0
Aisha,0,1,0,1
Adley,0,1,0,0
Carolina,0,1,0,1
Sierra,0,1,0,1
Alma,0,1,0,1
Helena,0,1,0,1
Bonnie,0,1,0,1
Mylah,0,1,0,1
Briar,1,1,0,0
Aurelia,0,1,0,1
Leona,0,1,0,1
Macie,0,1,0,1
Maddison,0,1,0,1
April,0,1,0,1
Aviana,0,1,0,0
Lorelai,0,1,0,1
Alondra,0,1,0,0
Kennedi,0,1,0,0
Monroe,1,1,0,1
Emely,0,1,0,0
Maliyah,0,1,0,1
Ailani,0,1,0,0
Madilynn,0,1,0,0
Renata,0,1,0,0
Katie,0,1,0,1
Zariah,0,1,0,1
Imani,0,1,0,1
Amber,0,1,0,1
Analia,0,1,0,0
Ariya,0,1,0,1
Anya,0,1,0,1
Emberly,0,1,0,0
Emmy,0,1,0,1
Mara,0,1,0,1
Maryam,0,1,0,1
Dior,1,1,0,0
Mckinley,0,1,0,0
Virginia,0,1,0,0
Amalia,0,1,0,1
Mallory,0,1,0,0
Opal,0,1,0,1
Shelby,0,1,0,1
Clementine,0,1,0,1
Remy,1,1,1,1
Xiomara,0,1,0,0
Elliott,1,1,1,0
Elora,0,1,0,1
Katalina,0,1,0,0
Antonella,0,1,0,0
Skyler,1,1,0,1
Hanna,0,1,0,1
Kaliyah,0,1,0,1
Alanna,0,1,0,1
Haley,0,1,0,0
Itzel,0,1,0,0
Cecelia,0,1,0,1
Jayleen,0,1,0,0
Kensley,0,1,0,0
Beatrice,0,1,0,1
Journi,0,1,0,0
Dylan,1,0,1,0
Ivory,0,1,0,0
Yaretzi,0,1,0,0
Meredith,0,1,0,1
Sasha,0,1,0,1
Gloria,0,1,0,1
Oaklyn,0,1,0,0
Sloan,0,1,0,0
Abby,0,1,0,0
Davina,0,1,0,0
Lylah,0,1,0,1
Erin,0,1,0,1
Reyna,0,1,0,0
Kaitlyn,0,1,0,1
Michaela,0,1,0,1
Nia,0,1,0,1
Fernanda,0,1,0,0
Jaliyah,0,1,0,0
Jenna,0,1,0,1
Sylvie,0,1,0,1
Miranda,0,1,0,0
Anne,0,1,0,0
Mina,0,1,0,1
Myra,0,1,0,1
Aleena,0,1,0,1
Alia,0,1,0,1
Frankie,1,1,1,1
Ellis,1,1,1,0
Kathryn,0,1,0,0
Nalani,0,1,0,0
Nola,0,1,0,1
Jemma,0,1,0,0
Lennox,1,1,1,0
Marie,0,1,0,1
Angelica,0,1,0,1
Cassandra,0,1,0,1
Calliope,0,1,0,1
Adrianna,0,1,0,0
Ivanna,0,1,0,0
Zelda,0,1,0,1
Faye,0,1,0,1
Karsyn,1,1,0,0
Oakleigh,0,1,0,1
Dayana,0,1,0,0
Amirah,0,1,0,1
Megan,0,1,0,1
Siena,0,1,0,1
Reina,0,1,0,1
Rhea,0,1,0,1
Julieta,0,1,0,0
Malaysia,0,1,0,0
Henley,0,1,1,0
Liberty,0,1,0,1
Leslie,0,1,0,0
Alejandra,0,1,0,0
Kelsey,0,1,0,0
Charley,0,1,0,1
Capri,0,1,0,0
Priscilla,0,1,0,1
Zariyah,0,1,0,0
Savanna,0,1,0,1
Emerie,0,1,0,0
Christina,0,1,0,1
Skyla,0,1,0,1
Macy,0,1,0,1
Mariam,0,1,0,1
Melina,0,1,0,1
Chelsea,0,1,0,1
Dallas,1,1,0,0
Laurel,0,1,0,0
Briana,0,1,0,0
Holland,0,1,0,0
Lilian,0,1,0,1
Amaia,0,1,0,1
Blaire,0,1,0,0
Margo,0,1,0,1
Louise,0,1,0,1
Rosalia,0,1,0,0
Aleah,0,1,0,0
Bethany,0,1,0,1
Flora,0,1,0,1
Kylee,0,1,0,0
Kendra,0,1,0,0
Sunny,1,1,1,1
Laney,0,1,0,0
Tiana,0,1,0,1
Chaya,0,1,0,1
Ellianna,0,1,0,0
Milan,1,1,1,1
Aliana,0,1,0,0
Estella,0,1,0,0
Julie,0,1,0,0
Yara,0,1,0,1
Rosa,0,1,0,1
Cheyenne,0,1,0,0
Emmie,0,1,0,1
Carly,0,1,0,0
Janelle,0,1,0,1
Kyra,0,1,0,1
Naya,0,1,0,1
Malaya,0,1,0,1
Sevyn,1,1,0,0
Lina,0,1,0,1
Mikayla,0,1,0,1
Jayda,0,1,0,0
Leyla,0,1,0,1
Eileen,0,1,0,1
Irene,0,1,0,1
Karina,0,1,0,1
Aileen,0,1,0,0
Aliza,0,1,0,1
Kataleya,0,1,0,0
Kori,0,1,0,0
Indie,0,1,0,1
Lara,0,1,0,1
Romina,0,1,0,0
Jada,0,1,0,0
Kimber,0,1,0,0
Amani,0,1,0,1
Liv,0,1,0,0
Treasure,0,1,0,0
Louisa,0,1,0,1
Marleigh,0,1,0,0
Winnie,0,1,0,1
Kassidy,0,1,0,0
Noah,1,0,1,0
Monica,0,1,0,1
Keilani,0,1,0,0
Zahra,0,1,0,1
Zaylee,0,1,0,0
Hadassah,0,1,0,0
Jamie,1,1,1,0
Allyson,0,1,0,0
Anahi,0,1,0,0
Maxine,0,1,0,0
Karla,0,1,0,0
Khaleesi,0,1,0,1
Johanna,0,1,0,0
Penny,0,1,0,1
Hayley,0,1,0,1
Marilyn,0,1,0,0
Della,0,1,0,0
Freyja,0,1,0,1
Jazmin,0,1,0,0
Kenna,0,1,0,0
Ashlyn,0,1,0,0
Florence,0,1,0,1
Ezra,1,0,1,0
Melany,0,1,0,0
Murphy,1,1,1,0
Sky,0,1,0,1
Marina,0,1,0,1
Noemi,0,1,0,1
Coraline,0,1,0,0
Selene,0,1,0,0
Bridget,0,1,0,1
Alaiya,0,1,0,1
Angie,0,1,0,0
Fallon,0,1,0,1
Thalia,0,1,0,1
Rayna,0,1,0,1
Martha,0,1,0,1
Halle,0,1,0,1
Estrella,0,1,0,0
Joelle,0,1,0,0
Kinslee,0,1,0,0
Roselyn,0,1,0,0
Theodora,0,1,0,1
Jolie,0,1,0,0
Dani,0,1,0,0
Elodie,0,1,0,1
Halo,0,1,0,0
Nala,0,1,0,1
Promise,0,1,0,0
Justice,1,1,0,0
Nellie,0,1,0,1
Novah,0,1,0,1
Estelle,0,1,0,1
Jenesis,0,1,0,0
Miley,0,1,0,1
Hadlee,0,1,0,0
Janiyah,0,1,0,0
Waverly,0,1,0,0
Braelyn,0,1,0,0
Pearl,0,1,0,1
Aila,0,1,0,1
Katelyn,0,1,0,0
Sariyah,0,1,0,0
Azariah,1,1,0,1
Bexley,0,1,0,0
Giana,0,1,0,0
Lea,0,1,0,1
Cadence,0,1,0,0
Mavis,0,1,0,1
Ila,0,1,0,0
Rivka,0,1,0,1
Jovie,0,1,0,0
Yareli,0,1,0,0
Bellamy,1,1,0,0
Kamiyah,0,1,0,0
Kara,0,1,0,1
Baylee,0,1,0,0
Jianna,0,1,0,0
Kai,1,0,1,0
Alena,0,1,0,1
Novalee,0,1,0,0
Elliot,1,1,1,0
Livia,0,1,0,1
Ashlynn,0,1,0,0
Denver,1,1,1,0
Emmalyn,0,1,0,0
Persephone,0,1,0,1
Marceline,0,1,0,0
Jazmine,0,1,0,0
Kiana,0,1,0,1
Mikaela,0,1,0,1
Aliya,0,1,0,1
Galilea,0,1,0,0
Harlee,0,1,0,0
Jaylah,0,1,0,0
Lillie,0,1,0,1
Mercy,0,1,0,0
Ensley,0,1,0,0
Bria,0,1,0,0
Kallie,0,1,0,1
Celia,0,1,0,1
Berkley,0,1,0,0
Ramona,0,1,0,0
Jaylani,0,1,0,0
Jessie,1,1,0,1
Aubrie,0,1,0,1
Madisyn,0,1,0,0
Paulina,0,1,0,0
Averi,0,1,0,0
Aya,0,1,0,1
Chana,0,1,0,0
Milana,0,1,0,1
Cleo,0,1,0,1
Iyla,0,1,0,1
Cynthia,0,1,0,0
Hana,0,1,0,1
Lacey,0,1,0,1
Andi,0,1,0,0
Giuliana,0,1,0,0
Milena,0,1,0,1
Leilany,0,1,0,0
Saoirse,0,1,0,1
Adele,0,1,0,1
Drew,1,1,1,0
Bailee,0,1,0,0
Hunter,1,0,1,0
Rayne,0,1,0,1
Anais,0,1,0,1
Kamari,1,1,1,0
Paula,0,1,0,1
Rosalee,0,1,0,0
Teresa,0,1,0,0
Zora,0,1,0,1
Avah,0,1,0,0
Belen,0,1,0,0
Greta,0,1,0,1
Layne,1,1,0,0
Scout,1,1,0,0
Zaniyah,0,1,0,0
Amelie,0,1,0,1
Dulce,0,1,0,0
Chanel,0,1,0,0
Clare,0,1,0,0
Rebekah,0,1,0,0
Giovanna,0,1,0,1
Ellison,0,1,0,0
Isabela,0,1,0,1
Kaydence,0,1,0,0
Rosalyn,0,1,0,0
Royal,1,1,0,0
Alianna,0,1,0,0
August,1,0,1,0
Nyra,0,1,0,1
Vienna,0,1,0,1
Amoura,0,1,0,0
Anika,0,1,0,1
Harmoni,0,1,0,0
Kelly,1,1,0,0
Linda,0,1,0,0
Aubriella,0,1,0,0
Kairi,0,1,0,0
Ryann,0,1,0,0
Avayah,0,1,0,0
Gwen,0,1,0,1
Whitley,0,1,0,0
Noor,0,1,0,1
Khalani,0,1,0,0
Marianna,0,1,0,0
Addyson,0,1,0,0
Annika,0,1,0,0
Karter,1,1,1,0
Vada,0,1,0,0
Tiffany,0,1,0,1
Artemis,1,1,0,1
Clover,0,1,0,1
Laylah,0,1,0,0
Paisleigh,0,1,0,0
Elyse,0,1,0,0
Kaisley,0,1,0,0
Veda,0,1,0,0
Zendaya,0,1,0,1
Simone,0,1,0,0
Alexia,0,1,0,1
Alisson,0,1,0,0
Angelique,0,1,0,0
Ocean,1,1,1,1
Elia,0,1,0,1
Lilianna,0,1,0,1
Maleah,0,1,0,0
Avalynn,0,1,0,0
Marisol,0,1,0,0
Goldie,0,1,0,1
Malayah,0,1,0,0
Emmeline,0,1,0,1
Paloma,0,1,0,1
Raina,0,1,0,1
Brynleigh,0,1,0,0
Chandler,1,1,0,0
Valery,0,1,0,0
Adalee,0,1,0,0
Tinsley,0,1,0,0
Violeta,0,1,0,0
Baylor,1,1,0,0
Lauryn,0,1,0,0
Marlowe,0,1,0,1
Birdie,0,1,0,1
Jaycee,0,1,0,0
Lexie,0,1,0,1
Loretta,0,1,0,0
Lilyana,0,1,0,0
Princess,0,1,0,1
Shay,1,1,1,0
Hadleigh,0,1,0,0
Natasha,0,1,0,1
Indigo,0,1,0,1
Zaria,0,1,0,0
Addisyn,0,1,0,0
Deborah,0,1,0,1
Leanna,0,1,0,0
Barbara,0,1,0,0
Kimora,0,1,0,0
Emerald,0,1,0,0
Raquel,0,1,0,0
Julissa,0,1,0,0
Robin,1,1,1,1
Austyn,0,1,0,0
Dalia,0,1,0,1
Nyomi,0,1,0,0
Ellen,0,1,0,1
Kynlee,0,1,0,0
Salma,0,1,0,1
Luella,0,1,0,1
Zayla,0,1,0,0
Addilynn,0,1,0,0
Giavanna,0,1,0,0
Samira,0,1,0,1
Amaris,0,1,0,0
Madalyn,0,1,0,0
Scarlette,0,1,0,0
Stormi,0,1,0,0
Etta,0,1,0,1
Ayleen,0,1,0,0
Brittany,0,1,0,0
Brylee,0,1,0,0
Araceli,0,1,0,0
Egypt,0,1,0,0
Iliana,0,1,0,0
Paityn,0,1,0,0
Zainab,0,1,0,1
Billie,0,1,0,1
Haylee,0,1,0,0
India,0,1,0,1
Kaiya,0,1,0,1
Nancy,0,1,0,1
Clarissa,0,1,0,0
Mazikeen,0,1,0,0
Taytum,0,1,0,0
Aubrielle,0,1,0,0
Rylan,1,1,0,0
Ainhoa,0,1,0,0
Aspyn,0,1,0,0
Elina,0,1,0,1
Elsa,0,1,0,1
Magdalena,0,1,0,0
Kailey,0,1,0,0
Arleth,0,1,0,0
Joyce,0,1,0,0
Judith,0,1,0,0
Crystal,0,1,0,1
Emberlynn,0,1,0,0
Landry,1,1,0,0
Paola,0,1,0,0
Braylee,0,1,0,0
Guinevere,0,1,0,0
Aarna,0,1,0,1
Aiyana,0,1,0,0
Kahlani,0,1,0,0
Lyanna,0,1,0,0
Sariah,0,1,0,0
Itzayana,0,1,0,0
Aniya,0,1,0,1
Frida,0,1,0,1
Jaylene,0,1,0,0
Kiera,0,1,0,1
Loyalty,0,1,0,0
Azaria,0,1,0,1
Jaylee,0,1,0,0
Kamilah,0,1,0,0
Keyla,0,1,0,0
Kyleigh,0,1,0,0
Micah,1,0,1,0
Nataly,0,1,0,0
Kathleen,0,1,0,1
Zoya,0,1,0,1
Meghan,0,1,0,1
Soraya,0,1,0,1
Zoie,0,1,0,0
Arlette,0,1,0,0
Zola,0,1,0,0
Luisa,0,1,0,1
Vida,0,1,0,0
Ryder,1,0,1,0
Tatiana,0,1,0,0
Tori,0,1,0,0
Aarya,0,1,0,1
Eleanora,0,1,0,0
Sandra,0,1,0,0
Soleil,0,1,0,0
Annabella,0,1,0,1
Ansley,0,1,0,0
Ingrid,0,1,0,1
Jaylin,1,1,0,0
Jillian,0,1,0,0
Majesty,0,1,0,0
Avani,0,1,0,1
Jaelynn,0,1,0,0
Saanvi,0,1,0,1
Cordelia,0,1,0,1
Gianni,1,1,0,0
Kaya,0,1,0,1
Kaylie,0,1,0,0
Nori,0,1,0,0
Elisabeth,0,1,0,1
Aislinn,0,1,0,0
Jream,0,1,0,0
Rosalina,0,1,0,0
Casey,1,1,1,1
Love,0,1,0,0
Lilia,0,1,0,1
Maisy,0,1,0,1
Marigold,0,1,0,0
Alyson,0,1,0,0
Amayah,0,1,0,1
Whitney,0,1,0,0
Cara,0,1,0,1
Corinne,0,1,0,0
Lakelynn,0,1,0,0
Lisa,0,1,0,1
Tallulah,0,1,0,1
Claudia,0,1,0,1
Emiliana,0,1,0,0
Violette,0,1,0,0
Guadalupe,0,1,0,0
Luz,0,1,0,0
Ayah,0,1,0,1
Jazlynn,0,1,0,0
Shea,1,1,1,0
Amal,0,1,0,1
Aura,0,1,0,1
Ehlani,0,1,0,0
Maddie,0,1,0,1
Marcella,0,1,0,1
Nairobi,0,1,0,0
Sarahi,0,1,0,0
Yasmin,0,1,0,1
Belle,0,1,0,1
Elowyn,0,1,0,0
Lakelyn,0,1,0,0
Spencer,1,1,1,0
Harriet,0,1,0,1
Laylani,0,1,0,0
Rae,0,1,0,1
Sol,1,1,1,0
Dixie,0,1,0,1
Emberlyn,0,1,0,0
Yamileth,0,1,0,0
Nathalia,0,1,0,0
Zhuri,0,1,0,0
Dalary,0,1,0,0
Emani,0,1,0,0
Indy,0,1,1,1
Korra,0,1,0,0
Lenora,0,1,0,0
Maylee,0,1,0,0
Vayda,0,1,0,0
Winifred,0,1,0,1
Araya,0,1,0,1
Blessing,0,1,0,0
Micaela,0,1,0,0
Rowyn,0,1,0,0
Xyla,0,1,0,0
Ruthie,0,1,0,0
Danica,0,1,0,0
Jaelyn,0,1,0,0
Jhene,0,1,0,0
Raylee,0,1,0,0
Dana,0,1,0,1
Miah,0,1,0,1
Keily,0,1,0,0
Kenia,0,1,0,0
Mattie,0,1,0,0
Patience,0,1,0,0
Taliyah,0,1,0,0
Emmaline,0,1,0,0
Jana,0,1,0,1
Seraphina,0,1,0,1
Arden,1,1,1,0
Desiree,0,1,0,0
Everley,0,1,0,1
Karen,0,1,0,0
Leylani,0,1,0,0
Lottie,0,1,0,1
Meilani,0,1,0,0
Aliah,0,1,0,0
Carsyn,0,1,0,0
Jurnee,0,1,0,0
Kingsley,1,1,1,0
Ann,0,1,0,0
Keziah,0,1,0,1
Myah,0,1,0,1
Nathaly,0,1,0,0
Sapphire,0,1,0,1
Susan,0,1,0,0
Aleia,0,1,0,0
Ayra,0,1,0,1
Erika,0,1,0,1
Esperanza,0,1,0,0
Melani,0,1,0,0
Rilynn,0,1,0,0
Ariadna,0,1,0,0
Rhiannon,0,1,0,0
Heavenly,0,1,0,0
Ayana,0,1,0,1
Emmalynn,0,1,0,0
Renee,0,1,0,1
Tru,1,1,0,0
Zaira,0,1,0,1
Beatrix,0,1,0,1
Darcy,0,1,0,1
Harleigh,0,1,0,1
Joselyn,0,1,0,0
Malka,0,1,0,0
Quincy,1,1,0,0
Carla,0,1,0,1
Carolyn,0,1,0,0
Ida,0,1,0,1
Memphis,1,1,0,0
Devyn,0,1,0,0
Elouise,0,1,0,1
Leena,0,1,0,1
Lizbeth,0,1,0,0
Nathalie,0,1,0,0
Queen,0,1,0,0
Reya,0,1,0,1
Tilly,0,1,0,1
Scottie,0,1,0,0
True,1,1,0,0
Christine,0,1,0,0
Kaylin,0,1,0,0
Aylah,0,1,0,1
Ellery,0,1,0,0
Karlee,0,1,0,0
Ciara,0,1,0,1
Londynn,0,1,0,0
Sailor,0,1,0,0
Agnes,0,1,0,1
Amethyst,0,1,0,0
Annalee,0,1,0,0
Antonia,0,1,0,1
Arely,0,1,0,0
Ariadne,0,1,0,1
Jubilee,0,1,0,0
Riya,0,1,0,1
Zyla,0,1,0,0
Aminah,0,1,0,1
Campbell,1,1,0,0
Meera,0,1,0,1
Tara,0,1,0,1
Aadhya,0,1,0,1
Jayde,0,1,0,0
Patricia,0,1,0,1
Raylynn,0,1,0,0
Robyn,0,1,0,1
Dalilah,0,1,0,0
Emilie,0,1,0,1
Janessa,0,1,0,0
Kacey,1,1,0,0
Khadija,0,1,0,1
Madalynn,0,1,0,0
Milah,0,1,0,0
Viola,0,1,0,1
Ayanna,0,1,0,1
Kinsleigh,0,1,0,0
Maliah,0,1,0,0
Alaiyah,0,1,0,0
Alannah,0,1,0,1
Amiya,0,1,0,0
Mollie,0,1,0,1
Neveah,0,1,0,1
Roxanne,0,1,0,1
Adrienne,0,1,0,0
Betty,0,1,0,1
Ivana,0,1,0,0
Lailah,0,1,0,0
Bernadette,0,1,0,0
Hailee,0,1,0,0
Libby,0,1,0,1
Yuna,0,1,0,0
Celina,0,1,0,0
Chiara,0,1,0,1
Margaux,0,1,0,1
Adela,0,1,0,1
Akira,0,1,0,1
Andie,0,1,0,0
Evalyn,0,1,0,1
Vivianna,0,1,0,0
Lillianna,0,1,0,0
Elayna,0,1,0,1
Kamora,0,1,0,0
Kassandra,0,1,0,0
Erica,0,1,0,1
Kinzley,0,1,0,0
Miya,0,1,0,1
Zahara,0,1,0,0
Brenda,0,1,0,0
Farrah,0,1,0,0
Perla,0,1,0,0
Maelynn,0,1,0,0
Rubi,0,1,0,0
Cherish,0,1,0,0
Journei,0,1,0,0
Wendy,0,1,0,0
Kaleah,0,1,0,0
Kamilla,0,1,0,0
Katerina,0,1,0,0
Lailani,0,1,0,0
Lindsey,0,1,0,0
Jewel,0,1,0,0
Sally,0,1,0,0
Alba,0,1,0,1
Caylee,0,1,0,0
Cielo,0,1,0,0
Inaya,0,1,0,1
Kaelyn,0,1,0,0
Maisyn,0,1,0,0
Siya,0,1,0,1
Sonia,0,1,0,1
Alisa,0,1,0,1
Arlet,0,1,0,0
Avalyn,0,1,0,0
Alya,0,1,0,1
Denise,0,1,0,0
Gaia,0,1,0,1
Marjorie,0,1,0,0
Mercedes,0,1,0,0
Xena,0,1,0,0
Amia,0,1,0,0
Ayva,0,1,0,1
Beverly,0,1,0,0
Cassie,0,1,0,1
Elani,0,1,0,0
Tenley,0,1,0,0
Anniston,0,1,0,0
Atlas,1,0,1,0
Darla,0,1,0,1
Emberlee,0,1,0,0
Lianna,0,1,0,0
Marissa,0,1,0,0
Alisha,0,1,0,1
Alyvia,0,1,0,0
Cambria,0,1,0,0
Evalynn,0,1,0,0
Kadence,0,1,0,0
Mariella,0,1,0,0
Mazie,0,1,0,0
Nahla,0,1,0,1
Sharon,0,1,0,0
Aylani,0,1,0,0
Amyra,0,1,0,1
Evelina,0,1,0,1
Jasmin,0,1,0,1
Layan,0,1,0,1
Abril,0,1,0,0
Elowen,0,1,0,1
Emilee,0,1,0,0
Solana,0,1,0,0
Zella,0,1,0,0
Moriah,0,1,0,0
Sterling,1,1,0,0
Dalett,0,1,0,0
Kamille,0,1,0,0
Nayla,0,1,0,1
Rowen,1,1,0,0
Rylynn,0,1,0,0
Arisbeth,0,1,0,0
Dania,0,1,0,1
Yaritza,0,1,0,0
Ziva,0,1,0,1
Kailyn,0,1,0,0
Tinley,0,1,0,0
Aida,0,1,0,1
Giada,0,1,0,0
Journie,0,1,0,0
Dina,0,1,0,1
Jessa,0,1,0,0
Joey,1,1,1,0
Laken,1,1,0,0
Leela,0,1,0,1
Prisha,0,1,0,1
Hensley,0,1,0,0
Selina,0,1,0,1
Colbie,0,1,0,0
Emi,0,1,0,1
Emmarie,0,1,0,0
Amiri,1,1,0,0
Irie,0,1,0,0
Kalia,0,1,0,0
Lettie,0,1,0,1
Noel,1,1,1,0
Vaeda,0,1,0,0
Finnley,1,1,1,0
Giulia,0,1,0,1
Janae,0,1,0,0
Jovi,0,1,0,0
Karlie,0,1,0,0
Marian,0,1,0,0
Winona,0,1,0,0
Elinor,0,1,0,1
Georgina,0,1,0,1
Heather,0,1,0,1
Karma,0,1,0,0
Mireya,0,1,0,0
Ripley,0,1,0,0
Carson,1,0,1,0
Eleni,0,1,0,1
Kiyomi,0,1,0,0
Kristina,0,1,0,0
Rosalind,0,1,0,1
Adira,0,1,0,0
Annette,0,1,0,0
Onyx,1,1,1,0
Denisse,0,1,0,0
Kaira,0,1,0,1
Saniyah,0,1,0,0
Serafina,0,1,0,0
Yasmine,0,1,0,1
Annabel,0,1,0,1
Carina,0,1,0,0
Ira,1,1,0,1
Adilynn,0,1,0,0
Kyndall,0,1,0,0
Lilyanna,0,1,0,0
Zarah,0,1,0,1
Aimee,0,1,0,1
Imogen,0,1,0,1
Miller,1,1,1,0
Santana,1,1,0,0
Sia,0,1,0,1
Tegan,0,1,0,1
Zaya,0,1,0,1
Honesty,0,1,0,0
Yusra,0,1,0,1
Addie,0,1,0,0
Bayleigh,0,1,0,0
Elissa,0,1,0,1
Hollis,1,1,0,0
Inara,0,1,0,1
Kaylynn,0,1,0,0
Kollyns,0,1,0,0
Nailah,0,1,0,0
Samiyah,0,1,0,0
Aanya,0,1,0,1
Addalyn,0,1,0,0
Adilene,0,1,0,0
Jazzlyn,0,1,0,0
Juana,0,1,0,0
Kenya,0,1,0,0
Sidney,1,1,1,0
Silvia,0,1,0,0
Tabitha,0,1,0,1
Valencia,0,1,0,1
Amiah,0,1,0,0
Brynnlee,0,1,0,0
Leilah,0,1,0,0
Marlie,0,1,0,1
Renesmee,0,1,0,1
Stacy,0,1,0,0
Bryleigh,0,1,0,0
Kailany,0,1,0,0
Kasey,1,1,0,0
Lorraine,0,1,0,0
Mirha,0,1,0,1
Raine,0,1,0,1
Lorena,0,1,0,1
Amarah,0,1,0,1
Ameera,0,1,0,1
Brayleigh,0,1,0,0
Farah,0,1,0,1
Kylah,0,1,0,0
Maizie,0,1,0,0
Adalina,0,1,0,0
Asha,0,1,0,1
Kaycee,0,1,0,0
Lavender,0,1,0,0
Legaci,0,1,0,0
Maryjane,0,1,0,0
Roslyn,0,1,0,0
Shayla,0,1,0,0
Kailee,0,1,0,0
Zinnia,0,1,0,0
Angeline,0,1,0,0
Austin,1,0,1,0
Carlee,0,1,0,0
Joan,1,1,0,0
Katrina,0,1,0,0
Lucie,0,1,0,1
Pepper,0,1,0,0
Roselynn,0,1,0,0
Vivien,0,1,0,1
Ariela,0,1,0,0
Brenna,0,1,0,0
Dariana,0,1,0,0
Joslyn,0,1,0,0
Liah,0,1,0,0
Melania,0,1,0,1
Anita,0,1,0,0
Aubri,0,1,0,0
Belinda,0,1,0,0
Blayke,0,1,0,0
Cristina,0,1,0,0
Ireland,0,1,0,0
Jayden,1,0,1,0
Rori,0,1,0,0
Grecia,0,1,0,0
Safiya,0,1,0,1
Wrenlee,0,1,0,0
Diamond,0,1,0,0
Inaaya,0,1,0,1
Khari,1,1,1,0
Xochitl,0,1,0,0
Aranza,0,1,0,0
Clarke,0,1,0,0
Katarina,0,1,0,0
Montana,1,1,0,0
Montserrat,0,1,0,0
Novaleigh,0,1,0,0
Odette,0,1,0,1
Petra,0,1,0,1
Rita,0,1,0,1
Annelise,0,1,0,0
Anyla,0,1,0,0
Echo,0,1,0,0
Emeri,0,1,0,0
Evangelina,0,1,0,0
Rain,0,1,0,0
Symphony,0,1,0,0
Anayah,0,1,0,1
Ashtyn,0,1,0,0
Elara,0,1,0,1
Essence,0,1,0,0
Gwyneth,0,1,0,0
Lindsay,0,1,0,0
Mariyah,0,1,0,0
Marlow,0,1,1,0
Navi,0,1,0,0
Zia,0,1,0,0
Alissa,0,1,0,1
Arwen,0,1,0,1
Evaluna,0,1,0,0
Lesly,0,1,0,0
Romy,0,1,0,1
Salome,0,1,0,0
Susanna,0,1,0,0
Tala,0,1,0,1
Theresa,0,1,0,0
Ailany,0,1,0,0
Ally,0,1,0,0
Delia,0,1,0,1
Jersey,0,1,0,0
Rosalynn,0,1,0,0
Tyler,1,0,1,0
Aryah,0,1,0,0
Jenny,0,1,0,0
Kapri,0,1,0,0
Kelani,0,1,0,0
Kodi,1,1,1,0
Naila,0,1,0,1
Shoshana,0,1,0,0
Zion,1,0,1,0
Asia,0,1,0,0
Carmella,0,1,0,0
Kenley,0,1,0,0
Lincoln,1,0,1,0
Monserrat,0,1,0,0
Rebeca,0,1,0,1
Suri,0,1,0,1
Ailyn,0,1,0,0
Baila,0,1,0,0
Diya,0,1,0,1
Ivey,0,1,0,0
Kayleen,0,1,0,0
Milagros,0,1,0,0
Riverlynn,0,1,0,0
Addalynn,0,1,0,0
Aleyna,0,1,0,1
Althea,0,1,0,1
Ayesha,0,1,0,1
Breanna,0,1,0,0
Ester,0,1,0,0
Shyla,0,1,0,1
Tess,0,1,0,0
Audra,0,1,0,0
Harlem,1,1,0,0
Janiya,0,1,0,0
Nicolette,0,1,0,0
Amilia,0,1,0,0
Dailyn,0,1,0,0
Fern,0,1,0,1
Jalayah,0,1,0,0
Khalia,0,1,0,0
Kya,0,1,0,0
Lula,0,1,0,1
Martina,0,1,0,1
Sanai,0,1,0,0
Storm,1,1,0,1
Vivianne,0,1,0,0
Brynley,0,1,0,0
Emme,0,1,0,0
Kalina,0,1,0,0
Krystal,0,1,0,0
Larissa,0,1,0,0
Gitty,0,1,0,0
Ines,0,1,0,1
Mari,0,1,0,1
Marlene,0,1,0,0
Adalie,0,1,0,0
Anaiah,0,1,0,0
Ashton,1,0,1,0
Bryn,0,1,0,0
Calista,0,1,0,0
Eliyanah,0,1,0,0
Gentry,1,1,0,0
Lotus,0,1,0,0
Yael,1,1,0,0
Zelie,0,1,0,0
Agatha,0,1,0,1
Aryana,0,1,0,0
Bowie,1,1,1,1
Devorah,0,1,0,0
Jalani,0,1,0,0
Jaylynn,0,1,0,0
Julietta,0,1,0,0
Kianna,0,1,0,0
Liya,0,1,0,1
Liza,0,1,0,0
Maite,0,1,0,0
Maple,0,1,0,0
Mika,0,1,0,0
Stori,0,1,0,0
Amor,0,1,0,0
Azul,0,1,0,0
Cattleya,0,1,0,0
Hollyn,0,1,0,0
Isabell,0,1,0,0
Isadora,0,1,0,1
Laynie,0,1,0,0
Preslee,0,1,0,0
Raleigh,0,1,0,0
Venus,0,1,0,0
Alessa,0,1,0,0
Alessi,0,1,0,0
Bentley,1,0,1,0
Brinlee,0,1,0,0
Calla,0,1,0,0
Carmela,0,1,0,0
Esmae,0,1,0,1
Jordynn,0,1,0,0
Julianne,0,1,0,0
Millicent,0,1,0,1
Raeleigh,0,1,0,0
Sofie,0,1,0,0
Yarely,0,1,0,0
Arizbeth,0,1,0,0
Aryanna,0,1,0,0
Bennett,1,0,0,0
Blakelyn,0,1,0,0
Cori,0,1,0,0
Elin,0,1,0,1
Everest,1,1,0,0
Kamiya,0,1,0,0
Kari,0,1,0,0
Nelly,0,1,0,1
Rhyan,0,1,0,0
Rhylee,0,1,0,0
Adina,0,1,0,0
Avyanna,0,1,0,0
Charity,0,1,0,0
Eisley,0,1,0,0
Kristen,0,1,0,0
Mileena,0,1,0,0
Oriana,0,1,0,1
Rihanna,0,1,0,0
Addelyn,0,1,0,0
Audrina,0,1,0,0
Eliette,0,1,0,0
Honey,0,1,0,1
Jamila,0,1,0,1
Keren,0,1,0,0
Linnea,0,1,0,0
Sahara,0,1,0,0
Tia,0,1,0,1
Zadie,0,1,0,1
Aislynn,0,1,0,0
Alanah,0,1,0,0
Anneliese,0,1,0,0
Cooper,1,0,1,0
Dara,0,1,0,0
Geneva,0,1,0,0
Geraldine,0,1,0,0
Italy,0,1,0,0
Jael,1,1,0,0
Nariah,0,1,0,0
Rayleigh,0,1,0,0
Skylynn,0,1,0,0
Wesley,1,0,1,0
Zylah,0,1,0,0
Alex,1,0,1,0
Arie,0,1,0,0
Bryanna,0,1,0,0
Inez,0,1,0,0
Jupiter,0,1,0,0
Kaelynn,0,1,0,0
Kaliah,0,1,0,0
Laine,0,1,0,0
Marcela,0,1,0,0
Rebel,0,1,0,0
Reece,1,1,1,0
Violetta,0,1,0,0
Coral,0,1,0,0
Hafsa,0,1,0,1
Janie,0,1,0,0
Karmen,0,1,0,0
Lakyn,0,1,0,0
Maelyn,0,1,0,0
Mariela,0,1,0,0
Mayra,0,1,0,0
Nadine,0,1,0,0
Sherlyn,0,1,0,0
Tillie,0,1,0,1
Yuliana,0,1,0,0
Alaysia,0,1,0,0
Avaya,0,1,0,1
Lori,0,1,0,0
Marion,0,1,0,0
Natalee,0,1,0,0
Paulette,0,1,0,0
Yvette,0,1,0,0
Zaina,0,1,0,1
Ziya,0,1,0,0
Aracely,0,1,0,0
Cecily,0,1,0,1
Damaris,0,1,0,0
Jude,1,0,1,0
Kenzley,0,1,0,0
Lucero,0,1,0,0
Lucinda,0,1,0,0
Merritt,0,1,0,0
Nechama,0,1,0,0
Star,0,1,0,0
Zaynab,0,1,0,1
Aadya,0,1,0,0
Adore,0,1,0,0
Ahlani,0,1,0,0
Briley,0,1,0,0
Caitlyn,0,1,0,1
Dayanna,0,1,0,0
Emry,0,1,0,0
Kalea,0,1,0,0
Marin,0,1,0,0
Odessa,0,1,0,0
Rosemarie,0,1,0,0
Toni,0,1,0,0
Wilhelmina,0,1,0,0
Alaiah,0,1,0,0
Aleyah,0,1,0,0
Aviva,0,1,0,0
Beckett,1,0,0,0
Elyana,0,1,0,0
Juno,0,1,0,1
Laikyn,0,1,0,0
Moira,0,1,0,0
Avalon,0,1,0,0
Edie,0,1,0,1
Lidia,0,1,0,0
Neriah,0,1,0,1
Noelani,0,1,0,0
Sybil,0,1,0,0
Yuri,0,1,0,0
Amariah,0,1,0,0
Carley,0,1,0,0
Charlize,0,1,0,0
Elana,0,1,0,0
Jaleah,0,1,0,0
Kailynn,0,1,0,0
Karis,0,1,0,0
Leticia,0,1,0,0
Liyana,0,1,0,1
Rio,1,1,1,0
Saira,0,1,0,1
Skylah,0,1,0,0
Walker,1,0,0,0
Annalia,0,1,0,0
Bree,0,1,0,0
Camden,1,0,0,0
Cienna,0,1,0,0
Courtney,0,1,0,0
Danae,0,1,0,0
Emori,0,1,0,0
Eris,0,1,0,0
Iva,0,1,0,0
Jailyn,0,1,0,0
Judy,0,1,0,1
Karley,0,1,0,0
Khadijah,0,1,0,1
Kyrie,1,0,1,0
May,0,1,0,1
Noelia,0,1,0,0
Nyah,0,1,0,1
Priya,0,1,0,1
Shannon,0,1,0,0
Temperance,0,1,0,0
Unique,0,1,0,0
Haddie,0,1,0,0
Letty,0,1,0,0
Ramsey,1,1,0,0
Rayla,0,1,0,0
Safa,0,1,0,1
Alara,0,1,0,1
Ananya,0,1,0,0
Annabeth,0,1,0,0
Empress,0,1,0,0
Iyanna,0,1,0,0
Lois,0,1,0,1
Malky,0,1,0,0
Sunnie,0,1,0,0
Yazmin,0,1,0,0
Amya,0,1,0,0
Anabella,0,1,0,0
Asiya,0,1,0,1
Camellia,0,1,0,0
Eila,0,1,0,0
Harlyn,0,1,0,0
Kenzi,0,1,0,0
Khelani,0,1,0,0
Milly,0,1,0,1
Natalya,0,1,0,0
Zhavia,0,1,0,0
Alanis,0,1,0,0
Ameerah,0,1,0,1
Chevelle,0,1,0,0
Ela,0,1,0,1
Elly,0,1,0,0
Janyla,0,1,0,0
Leni,0,1,0,1
Lizeth,0,1,0,0
Regan,0,1,1,0
Rue,0,1,0,0
Serene,0,1,0,0
Tahlia,0,1,0,1
Isha,0,1,0,1
Jahzara,0,1,0,0
Karleigh,0,1,0,0
Laniyah,0,1,0,0
Sahana,0,1,0,0
Saphira,0,1,0,0
Winry,0,1,0,0
Aiyanna,0,1,0,0
Alita,0,1,0,0
Britney,0,1,0,0
Honor,1,1,0,1
Leora,0,1,0,0
Naylani,0,1,0,0
Pippa,0,1,0,1
Rivky,0,1,0,0
Shae,0,1,0,0
Shanaya,0,1,0,1
Arlene,0,1,0,0
Ayat,0,1,0,1
Charm,0,1,0,0
Chava,0,1,0,0
Danika,0,1,0,0
Eiza,0,1,0,0
Luca,1,0,1,0
Makena,0,1,0,0
Sheila,0,1,0,0
Blessyn,0,1,0,0
Charlene,0,1,0,0
Elsy,0,1,0,0
Ever,1,1,0,0
Hartley,0,1,0,0
Hawa,0,1,0,1
Kalayah,0,1,0,0
Presleigh,0,1,0,0
Sana,0,1,0,1
Taelynn,0,1,0,0
Taliah,0,1,0,1
Verity,0,1,0,1
Yesenia,0,1,0,0
Ahana,0,1,0,0
Annaliese,0,1,0,0
Arizona,0,1,0,0
Blakelynn,0,1,0,0
Cindy,0,1,0,0
Haizley,0,1,0,0
Izabel,0,1,0,0
Jazmyn,0,1,0,0
Kenzlee,0,1,0,0
Sama,0,1,0,1
Samaira,0,1,0,1
Taya,0,1,0,1
Wednesday,0,1,0,0
Yamilet,0,1,0,0
Anylah,0,1,0,0
Aries,1,1,0,0
Audriana,0,1,0,0
Blakeleigh,0,1,0,0
Emrie,0,1,0,0
Estela,0,1,0,0
Faigy,0,1,0,0
Gisselle,0,1,0,0
Kaila,0,1,0,0
Lillith,0,1,0,0
Malak,0,1,0,1
Pamela,0,1,0,0
Xitlali,0,1,0,0
Adaleigh,0,1,0,0
America,0,1,0,0
Azula,0,1,0,0
Carleigh,0,1,0,0
Elliette,0,1,0,0
Emmi,0,1,0,0
Eowyn,0,1,0,0
Indiana,0,1,1,1
Isis,0,1,0,0
Jia,0,1,0,0
Kaci,0,1,0,0
Keiry,0,1,0,0
Lane,1,0,0,0
Lela,0,1,0,0
Luana,0,1,0,1
Macey,0,1,0,1
Pia,0,1,0,1
Valkyrie,0,1,0,0
Wrenly,0,1,0,0
Zamora,0,1,0,0
Brighton,1,1,0,0
Emmalee,0,1,0,0
Maddox,1,0,1,0
Yaneli,0,1,0,0
Yehudis,0,1,0,0
Constance,0,1,0,1
Daenerys,0,1,0,0
Jacquelyn,0,1,0,0
Kynslee,0,1,0,0
Nila,0,1,0,1
Nuri,0,1,0,0
Perry,1,1,0,0
Sanaa,0,1,0,0
Sarina,0,1,0,0
Adalia,0,1,0,0
Aoife,0,1,0,1
Beatriz,0,1,0,1
Ilana,0,1,0,0
Izabelle,0,1,0,0
Karolina,0,1,0,0
Liz,0,1,0,0
Lux,1,1,0,0
Naveah,0,1,0,0
Rochel,0,1,0,0
Saniya,0,1,0,0
Tianna,0,1,0,1
Adora,0,1,0,0
Akshara,0,1,0,0
Avril,0,1,0,0
Dafne,0,1,0,0
Ema,0,1,0,1
Klara,0,1,0,1
Kynnedi,0,1,0,0
Malina,0,1,0,0
Sunday,0,1,0,1
Amiracle,0,1,0,0
Armoni,1,1,0,0
Ashly,0,1,0,0
Delta,0,1,0,0
Donna,0,1,0,0
Gina,0,1,0,0
Graciela,0,1,0,0
Harlynn,0,1,0,0
Jazelle,0,1,0,0
Kaleigh,0,1,0,0
Lynlee,0,1,0,0
Niya,0,1,0,1
Romi,0,1,1,1
Tania,0,1,0,0
Amberly,0,1,0,0
Baker,1,1,0,0
Braylynn,0,1,0,0
Diane,0,1,0,0
Ellowyn,0,1,0,0
Kit,1,1,1,0
Kollins,0,1,0,0
Miyah,0,1,0,1
Naima,0,1,0,0
Renley,0,1,0,0
Rosalinda,0,1,0,0
Shirley,0,1,0,0
Starr,0,1,0,0
Tamara,0,1,0,1
Adlee,0,1,0,0
Ali,1,0,1,0
Arayah,0,1,0,0
Areli,0,1,0,0
Ashanti,0,1,0,0
Darlene,0,1,0,0
Daylin,0,1,0,0
Deanna,0,1,0,0
Divine,0,1,0,0
Estefany,0,1,0,0
Hudson,1,0,1,0
Jaclyn,0,1,0,0
Kalliope,0,1,0,0
Kelsie,0,1,0,0
Madyson,0,1,0,0
Maven,0,1,0,0
Shania,0,1,0,0
Taelyn,0,1,0,0
Analise,0,1,0,0
Annaleigh,0,1,0,0
Annistyn,0,1,0,0
Asher,1,0,1,0
Delanie,0,1,0,0
Heidy,0,1,0,0
Jamiyah,0,1,0,0
Kyler,1,0,0,0
Lua,0,1,0,0
Marlo,0,1,1,0
Mildred,0,1,0,0
Tiara,0,1,0,1
Aavya,0,1,0,0
Aira,0,1,0,1
Anabelle,0,1,0,0
Carlie,0,1,0,0
Dalila,0,1,0,0
Eliora,0,1,0,0
Eloisa,0,1,0,0
Emberleigh,0,1,0,0
Gracyn,0,1,0,0
Halima,0,1,0,1
Jaslyn,0,1,0,0
Kobi,0,1,1,0
Litzy,0,1,0,0
Maleni,0,1,0,0
Marli,0,1,0,0
Melia,0,1,0,0
Noella,0,1,0,0
Nour,0,1,0,1
Tamia,0,1,0,0
Zulema,0,1,0,0
Aiza,0,1,0,1
Aniston,0,1,0,0
Katelynn,0,1,0,0
Raizy,0,1,0,0
Taylin,0,1,0,0
Zayda,0,1,0,0
Liam,1,0,1,0
Oliver,1,0,1,0
Elijah,1,0,1,0
James,1,0,1,0
William,1,0,1,0
Benjamin,1,0,1,0
Lucas,1,0,1,0
Henry,1,0,1,0
Theodore,1,0,1,0
Jack,1,0,1,0
Levi,1,0,1,0
Alexander,1,0,1,0
Jackson,1,0,1,0
Mateo,1,0,1,0
Daniel,1,0,1,0
Michael,1,0,1,0
Mason,1,0,1,0
Sebastian,1,0,1,0
Ethan,1,0,1,0
Owen,1,0,1,0
Samuel,1,0,1,0
Jacob,1,0,1,0
Aiden,1,0,1,0
John,1,0,1,0
Joseph,1,0,1,0
Wyatt,1,0,1,0
David,1,0,1,0
Leo,1,0,1,0
Luke,1,0,1,0
Julian,1,0,1,0
Grayson,1,0,1,0
Matthew,1,0,1,0
Gabriel,1,0,1,0
Isaac,1,0,1,0
Anthony,1,0,1,0
Thomas,1,0,1,0
Maverick,1,0,1,0
Elias,1,0,1,0
Josiah,1,0,1,0
Charles,1,0,1,0
Caleb,1,0,1,0
Christopher,1,0,1,0
Ezekiel,1,0,1,0
Miles,1,0,1,0
Jaxon,1,0,1,0
Isaiah,1,0,1,0
Andrew,1,0,1,0
Joshua,1,0,1,0
Nathan,1,0,1,0
Nolan,1,0,1,0
Adrian,1,0,1,0
Santiago,1,0,1,0
Eli,1,0,1,0
Aaron,1,0,1,0
Waylon,1,0,0,0
Easton,1,0,0,0
Christian,1,0,1,0
Landon,1,0,0,0
Colton,1,0,1,0
Roman,1,0,1,0
Axel,1,0,1,0
Brooks,1,0,0,0
Jonathan,1,0,1,0
Robert,1,0,1,0
Jameson,1,0,1,0
Ian,1,0,1,0
Everett,1,0,1,0
Greyson,1,0,1,0
Jeremiah,1,0,1,0
Leonardo,1,0,1,0
Jose,1,0,1,0
Silas,1,0,1,0
Nicholas,1,0,1,0
Beau,1,0,1,1
Weston,1,0,0,0
Connor,1,0,1,0
Dominic,1,0,1,0
Xavier,1,0,1,0
Jaxson,1,0,1,0
Jace,1,0,1,0
Emmett,1,0,1,0
Adam,1,0,1,0
Declan,1,0,1,0
Kayden,1,0,1,0
Gael,1,0,0,0
Kingston,1,0,0,0
Damian,1,0,1,0
Luka,1,0,1,0
Evan,1,0,1,0
Vincent,1,0,1,0
Legend,1,0,0,0
Myles,1,0,1,0
Harrison,1,0,1,0
Bryson,1,0,1,0
Amir,1,0,1,0
Giovanni,1,0,1,0
Chase,1,0,1,0
Diego,1,0,1,0
Milo,1,0,1,0
Jasper,1,0,1,0
Jason,1,0,1,0
Brayden,1,0,1,0
Cole,1,0,1,0
Nathaniel,1,0,1,0
George,1,0,1,0
Lorenzo,1,0,1,0
Luis,1,0,1,0
Archer,1,0,1,0
Enzo,1,0,1,0
Jonah,1,0,1,0
Thiago,1,0,1,0
Theo,1,0,1,0
Ayden,1,0,1,0
Zachary,1,0,1,0
Calvin,1,0,1,0
Braxton,1,0,1,0
Rhett,1,0,0,0
Carlos,1,0,0,0
Ryker,1,0,1,0
Adriel,1,0,1,0
Arthur,1,0,1,0
Ace,1,0,1,0
Jayce,1,0,1,0
Max,1,0,1,0
Graham,1,0,0,0
Kaiden,1,0,1,0
Maxwell,1,0,1,0
Juan,1,0,0,0
Dean,1,0,1,0
Matteo,1,0,1,0
Malachi,1,0,1,0
Ivan,1,0,1,0
Jesus,1,0,0,0
Emiliano,1,0,0,0
Messiah,1,0,0,0
Gavin,1,0,0,0
Leon,1,0,1,0
Antonio,1,0,1,0
Justin,1,0,1,0
Tucker,1,0,0,0
Brandon,1,0,1,0
Kevin,1,0,1,0
Judah,1,0,1,0
Finn,1,0,1,0
King,1,0,1,0
Brody,1,0,1,0
Xander,1,0,1,0
Nicolas,1,0,1,0
Arlo,1,0,1,0
Emmanuel,1,0,1,0
Barrett,1,0,0,0
Felix,1,0,1,0
Miguel,1,0,1,0
Abel,1,0,1,0
Alan,1,0,1,0
Timothy,1,0,1,0
Abraham,1,0,1,0
Jesse,1,0,1,0
Zayden,1,0,1,0
Alejandro,1,0,0,0
Dawson,1,0,1,0
Tristan,1,0,1,0
Victor,1,0,1,0
Joel,1,0,1,0
Grant,1,0,0,0
Eric,1,0,1,0
Patrick,1,0,1,0
Peter,1,0,1,0
Richard,1,0,1,0
Edward,1,0,1,0
Andres,1,0,0,0
Emilio,1,0,1,0
Colt,1,0,0,0
Knox,1,0,0,0
Beckham,1,0,0,0
Adonis,1,0,1,0
Matias,1,0,1,0
Oscar,1,0,1,0
Lukas,1,0,1,0
Marcus,1,0,1,0
Hayes,1,0,0,0
Caden,1,0,1,0
Griffin,1,0,1,0
Nash,1,0,0,0
Israel,1,0,1,0
Steven,1,0,1,0
Holden,1,0,0,0
Rafael,1,0,1,0
Zane,1,0,1,0
Jeremy,1,0,1,0
Kash,1,0,0,0
Preston,1,0,1,0
Jax,1,0,1,0
Jett,1,0,1,0
Kaleb,1,0,1,0
Simon,1,0,1,0
Javier,1,0,0,0
Bryce,1,0,0,0
Louis,1,0,1,0
Mark,1,0,1,0
Cash,1,0,1,0
Paxton,1,0,0,0
Malakai,1,0,1,0
Paul,1,0,1,0
Kenneth,1,0,1,0
Nico,1,0,1,0
Kaden,1,0,1,0
Kairo,1,0,1,0
Maximus,1,0,1,0
Omar,1,0,1,0
Atticus,1,0,1,0
Crew,1,0,0,0
Brantley,1,0,0,0
Colin,1,0,1,0
Walter,1,0,1,0
Brady,1,0,1,0
Callum,1,0,1,0
Ronan,1,0,1,0
Hendrix,1,0,1,0
Jorge,1,0,1,0
Tobias,1,0,1,0
Clayton,1,0,1,0
Damien,1,0,1,0
Zayn,1,0,1,0
Malcolm,1,0,1,0
Kayson,1,0,1,0
Bodhi,1,0,1,0
Bryan,1,0,1,0
Aidan,1,0,1,0
Cohen,1,0,1,0
Brian,1,0,1,0
Cayden,1,0,1,0
Andre,1,0,1,0
Niko,1,0,1,0
Maximiliano,1,0,0,0
Zander,1,0,1,0
Khalil,1,0,1,0
Francisco,1,0,1,0
Cruz,1,0,1,0
Kobe,1,0,1,0
Reid,1,0,1,0
Daxton,1,0,0,0
Derek,1,0,0,0
Martin,1,0,1,0
Jensen,1,0,1,0
Karson,1,0,1,0
Tate,1,0,1,0
Muhammad,1,0,1,0
Jaden,1,0,1,0
Joaquin,1,0,0,0
Josue,1,0,0,0
Gideon,1,0,1,0
Dante,1,0,1,0
Cody,1,0,1,0
Bradley,1,0,1,0
Orion,1,0,1,0
Angelo,1,0,1,0
Erick,1,0,1,0
Jaylen,1,0,1,0
Julius,1,0,1,0
Manuel,1,0,1,0
Colson,1,0,0,0
Cairo,1,0,1,0
Gunner,1,0,0,0
Wade,1,0,1,0
Chance,1,0,0,0
Odin,1,0,1,0
Anderson,1,0,0,0
Kane,1,0,1,0
Raymond,1,0,1,0
Cristian,1,0,1,0
Aziel,1,0,1,0
Prince,1,0,1,0
Ezequiel,1,0,0,0
Jake,1,0,1,0
Otto,1,0,1,0
Eduardo,1,0,0,0
Cade,1,0,1,0
Stephen,1,0,1,0
Kameron,1,0,0,0
Warren,1,0,1,0
Ricardo,1,0,1,0
Killian,1,0,1,0
Mario,1,0,1,0
Romeo,1,0,1,0
Cyrus,1,0,1,0
Ismael,1,0,1,0
Russell,1,0,1,0
Tyson,1,0,1,0
Edwin,1,0,1,0
Desmond,1,0,0,0
Nasir,1,0,0,0
Tanner,1,0,0,0
Fernando,1,0,0,0
Hector,1,0,1,0
Titus,1,0,0,0
Lawson,1,0,1,0
Sean,1,0,1,0
Kyle,1,0,1,0
Elian,1,0,1,0
Corbin,1,0,0,0
Bowen,1,0,1,0
Wilder,1,0,0,0
Stetson,1,0,0,0
Briggs,1,0,0,0
Sullivan,1,0,1,0
Leonel,1,0,0,0
Callan,1,0,1,0
Finnegan,1,0,0,0
Jay,1,0,1,0
Zayne,1,0,1,0
Marshall,1,0,1,0
Kade,1,0,1,0
Travis,1,0,1,0
Raiden,1,0,1,0
Sergio,1,0,0,0
Cesar,1,0,0,0
Zyaire,1,0,0,0
Devin,1,0,0,0
Royce,1,0,0,0
Malik,1,0,1,0
Jared,1,0,1,0
Franklin,1,0,1,0
Clark,1,0,1,0
Marco,1,0,1,0
Archie,1,0,1,0
Apollo,1,0,1,0
Pablo,1,0,1,0
Garrett,1,0,0,0
Alijah,1,0,0,0
Edgar,1,0,1,0
Nehemiah,1,0,0,0
Winston,1,0,1,0
Major,1,0,0,0
Rhys,1,0,1,0
Forrest,1,0,1,0
Jaiden,1,0,1,0
Reed,1,0,0,0
Santino,1,0,1,0
Troy,1,0,1,0
Caiden,1,0,1,0
Harvey,1,0,1,0
Collin,1,0,0,0
Solomon,1,0,1,0
Donovan,1,0,0,0
Damon,1,0,1,0
Jeffrey,1,0,0,0
Kason,1,0,0,0
Grady,1,0,0,0
Kendrick,1,0,1,0
Leland,1,0,0,0
Luciano,1,0,1,0
Pedro,1,0,1,0
Hank,1,0,0,0
Hugo,1,0,1,0
Esteban,1,0,0,0
Johnny,1,0,1,0
Kashton,1,0,0,0
Ronin,1,0,0,0
Ford,1,0,0,0
Mathias,1,0,1,0
Porter,1,0,0,0
Erik,1,0,1,0
Johnathan,1,0,0,0
Frank,1,0,1,0
Tripp,1,0,0,0
Fabian,1,0,1,0
Leonidas,1,0,1,0
Matthias,1,0,1,0
Philip,1,0,1,0
Jayceon,1,0,0,0
Kian,1,0,1,0
Saint,1,0,1,0
Ibrahim,1,0,1,0
Jaxton,1,0,0,0
Augustus,1,0,0,0
Callen,1,0,0,0
Trevor,1,0,0,0
Ruben,1,0,1,0
Adan,1,0,0,0
Conor,1,0,1,0
Dax,1,0,1,0
Braylen,1,0,0,0
Kaison,1,0,0,0
Francis,1,0,1,0
Kyson,1,0,0,0
Andy,1,0,1,0
Lucca,1,0,1,0
Mack,1,0,0,0
Deacon,1,0,1,0
Kasen,1,0,0,0
Kamden,1,0,0,0
Frederick,1,0,1,0
Princeton,1,0,0,0
Braylon,1,0,0,0
Wells,1,0,0,0
Nikolai,1,0,1,0
Iker,1,0,0,0
Bo,1,0,1,0
Dominick,1,0,0,0
Moshe,1,0,1,0
Cassius,1,0,1,0
Gregory,1,0,1,0
Lewis,1,0,1,0
Kieran,1,0,1,0
Isaias,1,0,0,0
Seth,1,0,1,0
Marcos,1,0,0,0
Omari,1,0,1,0
Shane,1,0,1,0
Keegan,1,0,1,0
Jase,1,0,0,0
Asa,1,0,1,0
Sonny,1,0,1,0
Uriel,1,0,0,0
Pierce,1,0,0,0
Jasiah,1,0,0,0
Rocco,1,0,1,0
Banks,1,0,0,0
Cannon,1,0,0,0
Zaiden,1,0,0,0
Roberto,1,0,0,0
Shawn,1,0,0,0
Emanuel,1,0,1,0
Kolton,1,0,0,0
Ayaan,1,0,1,0
Ares,1,0,1,0
Conner,1,0,0,0
Jalen,1,0,0,0
Alonzo,1,0,0,0
Enrique,1,0,0,0
Dalton,1,0,1,0
Moses,1,0,1,0
Koda,1,0,1,0
Bodie,1,0,1,0
Jamison,1,0,0,0
Phillip,1,0,0,0
Zaire,1,0,0,0
Jonas,1,0,1,0
Kylo,1,0,1,0
Moises,1,0,0,0
Shepherd,1,0,0,0
Allen,1,0,0,0
Kenzo,1,0,1,0
Mohamed,1,0,1,0
Keanu,1,0,1,0
Dexter,1,0,1,0
Conrad,1,0,0,0
Bruce,1,0,1,0
Sylas,1,0,0,0
Soren,1,0,0,0
Raphael,1,0,1,0
Gunnar,1,0,0,0
Quentin,1,0,0,0
Jaziel,1,0,0,0
Emmitt,1,0,0,0
Makai,1,0,0,0
Koa,1,0,1,0
Maximilian,1,0,1,0
Brixton,1,0,0,0
Dariel,1,0,0,0
Zachariah,1,0,1,0
Roy,1,0,1,0
Armando,1,0,0,0
Corey,1,0,1,0
Saul,1,0,1,0
Izaiah,1,0,1,0
Danny,1,0,1,0
Davis,1,0,0,0
Ridge,1,0,0,0
Yusuf,1,0,1,0
Valentino,1,0,1,0
Jayson,1,0,1,0
Ronald,1,0,1,0
Albert,1,0,1,0
Gerardo,1,0,0,0
Ryland,1,0,0,0
Dorian,1,0,1,0
Drake,1,0,0,0
Gage,1,0,0,0
Rodrigo,1,0,0,0
Hezekiah,1,0,0,0
Kylan,1,0,1,0
Boone,1,0,0,0
Ledger,1,0,0,0
Jamari,1,0,0,0
Jamir,1,0,0,0
Lawrence,1,0,1,0
Kaysen,1,0,0,0
Arjun,1,0,1,0
Marcelo,1,0,0,0
Abram,1,0,0,0
Benson,1,0,0,0
Huxley,1,0,1,0
Nikolas,1,0,1,0
Zain,1,0,1,0
Kohen,1,0,0,0
Samson,1,0,1,0
Donald,1,0,0,0
Kannon,1,0,0,0
Lucian,1,0,1,0
Watson,1,0,0,0
Keith,1,0,0,0
Westin,1,0,0,0
Tadeo,1,0,0,0
Sincere,1,0,0,0
Boston,1,0,0,0
Axton,1,0,0,0
Amos,1,0,1,0
Leandro,1,0,0,0
Raul,1,0,1,0
Scott,1,0,1,0
Alessandro,1,0,1,0
Camilo,1,0,0,0
Derrick,1,0,0,0
Julio,1,0,0,0
Clay,1,0,1,0
Edison,1,0,1,0
Jaime,1,0,0,0
Augustine,1,0,0,0
Julien,1,0,0,0
Zeke,1,0,1,0
Marvin,1,0,0,0
Landen,1,0,0,0
Dustin,1,0,0,0
Krew,1,0,0,0
Kyree,1,0,0,0
Colter,1,0,0,0
Johan,1,0,0,0
Houston,1,0,0,0
Layton,1,0,1,0
Case,1,0,0,0
Atreus,1,0,0,0
Cayson,1,0,0,0
Aarav,1,0,1,0
Darius,1,0,1,0
Harlan,1,0,1,0
Abdiel,1,0,0,0
Raylan,1,0,0,0
Arturo,1,0,0,0
Anakin,1,0,0,0
Ander,1,0,0,0
Hamza,1,0,1,0
Otis,1,0,1,0
Leonard,1,0,1,0
Colby,1,0,1,0
Duke,1,0,0,0
Flynn,1,0,1,0
Trey,1,0,1,0
Gustavo,1,0,0,0
Fletcher,1,0,1,0
Issac,1,0,1,0
Sam,1,0,1,0
Trenton,1,0,0,0
Callahan,1,0,0,0
Chris,1,0,1,0
Mohammad,1,0,1,0
Rayan,1,0,1,0
Lionel,1,0,0,0
Bruno,1,0,1,0
Jaxxon,1,0,1,0
Zaid,1,0,1,0
Brycen,1,0,0,0
Roland,1,0,1,0
Dillon,1,0,1,0
Ambrose,1,0,1,0
Mac,1,0,0,0
Ahmed,1,0,1,0
Samir,1,0,1,0
Yosef,1,0,0,0
Creed,1,0,1,0
Tony,1,0,1,0
Alden,1,0,0,0
Aden,1,0,1,0
Alec,1,0,1,0
Carmelo,1,0,0,0
Dario,1,0,1,0
Marcel,1,0,1,0
Roger,1,0,0,0
Ty,1,0,0,0
Ahmad,1,0,1,0
Emir,1,0,1,0
Landyn,1,0,0,0
Mohammed,1,0,1,0
Dennis,1,0,1,0
Kareem,1,0,1,0
Nixon,1,0,0,0
Rex,1,0,1,0
Uriah,1,0,0,0
Lee,1,0,1,0
Louie,1,0,1,0
Rayden,1,0,0,0
Alberto,1,0,0,0
Cason,1,0,0,0
Quinton,1,0,0,0
Chaim,1,0,1,0
Alfredo,1,0,0,0
Mauricio,1,0,0,0
Caspian,1,0,1,0
Ozzy,1,0,1,0
Wilson,1,0,0,0
Forest,1,0,1,0
Grey,1,0,0,0
Joziah,1,0,0,0
Neil,1,0,1,0
Bridger,1,0,0,0
Harry,1,0,1,0
Jefferson,1,0,0,0
Lachlan,1,0,1,0
Nelson,1,0,0,0
Casen,1,0,0,0
Salvador,1,0,0,0
Magnus,1,0,1,0
Tommy,1,0,1,0
Marcellus,1,0,0,0
Maximo,1,0,0,0
Jerry,1,0,0,0
Clyde,1,0,0,0
Aron,1,0,1,0
Keaton,1,0,0,0
Eliam,1,0,0,0
Lian,1,0,0,0
Trace,1,0,0,0
Douglas,1,0,1,0
Junior,1,0,1,0
Titan,1,0,0,0
Cullen,1,0,0,0
Cillian,1,0,1,0
Musa,1,0,1,0
Mylo,1,0,1,0
Hugh,1,0,1,0
Tomas,1,0,1,0
Vincenzo,1,0,1,0
Westley,1,0,0,0
Langston,1,0,0,0
Byron,1,0,1,0
Kiaan,1,0,1,0
Loyal,1,0,0,0
Orlando,1,0,1,0
Kyro,1,0,1,0
Amias,1,0,0,0
Jimmy,1,0,1,0
Vicente,1,0,0,0
Brendan,1,0,0,0
Rey,1,0,0,0
Ben,1,0,1,0
Zyair,1,0,0,0
Bjorn,1,0,1,0
Evander,1,0,0,0
Ramon,1,0,0,0
Alvin,1,0,1,0
Ricky,1,0,0,0
Jagger,1,0,1,0
Brock,1,0,0,0
Dakari,1,0,0,0
Eddie,1,0,1,0
Blaze,1,0,0,0
Gatlin,1,0,0,0
Alonso,1,0,0,0
Curtis,1,0,1,0
Kylian,1,0,1,0
Nathanael,1,0,1,0
Devon,1,0,1,1
Wayne,1,0,0,0
Zakai,1,0,0,0
Mathew,1,0,0,0
Rome,1,0,1,0
Riggs,1,0,0,0
Aryan,1,0,1,0
Avi,1,0,1,0
Hassan,1,0,1,0
Lochlan,1,0,1,0
Stanley,1,0,1,0
Dash,1,0,0,0
Kaiser,1,0,1,0
Benicio,1,0,0,0
Bryant,1,0,0,0
Talon,1,0,0,0
Rohan,1,0,1,0
Wesson,1,0,0,0
Joe,1,0,1,0
Noe,1,0,0,0
Melvin,1,0,0,0
Vihaan,1,0,1,0
Zayd,1,0,1,0
Darren,1,0,0,0
Enoch,1,0,0,0
Mitchell,1,0,1,0
Jedidiah,1,0,0,0
Brodie,1,0,1,0
Castiel,1,0,0,0
Lance,1,0,0,0
Guillermo,1,0,0,0
Thatcher,1,0,0,0
Ermias,1,0,0,0
Misael,1,0,0,0
Jakari,1,0,0,0
Mccoy,1,0,0,0
Rudy,1,0,1,0
Thaddeus,1,0,0,0
Valentin,1,0,1,0
Yehuda,1,0,1,0
Bode,1,0,0,0
Madden,1,0,0,0
Kase,1,0,0,0
Bear,1,0,1,0
Boden,1,0,1,0
Jiraiya,1,0,0,0
Maurice,1,0,0,0
Alvaro,1,0,0,0
Ameer,1,0,1,0
Demetrius,1,0,0,0
Eliseo,1,0,0,0
Kabir,1,0,1,0
Kellan,1,0,0,0
Allan,1,0,0,0
Azrael,1,0,0,0
Calum,1,0,0,0
Niklaus,1,0,0,0
Ray,1,0,1,0
Damari,1,0,0,0
Elio,1,0,1,0
Jon,1,0,0,0
Axl,1,0,1,0
Dane,1,0,0,0
Eithan,1,0,0,0
Eugene,1,0,0,0
Kenji,1,0,0,0
Jakob,1,0,1,0
Colten,1,0,0,0
Eliel,1,0,0,0
Santos,1,0,0,0
Zahir,1,0,0,0
Idris,1,0,1,0
Ishaan,1,0,1,0
Kole,1,0,1,0
Korbin,1,0,0,0
Seven,1,0,0,0
Alaric,1,0,0,0
Kellen,1,0,0,0
Bronson,1,0,0,0
Franco,1,0,1,0
Wes,1,0,0,0
Larry,1,0,0,0
Mekhi,1,0,0,0
Jamal,1,0,1,0
Dilan,1,0,1,0
Elisha,1,0,0,0
Brennan,1,0,0,0
Kace,1,0,0,0
Van,1,0,0,0
Felipe,1,0,0,0
Fisher,1,0,0,0
Cal,1,0,0,0
Judson,1,0,0,0
Alfonso,1,0,0,0
Deandre,1,0,0,0
Rocky,1,0,1,0
Henrik,1,0,0,0
Reuben,1,0,1,0
Anders,1,0,0,0
Arian,1,0,1,0
Damir,1,0,1,0
Jacoby,1,0,0,0
Khalid,1,0,1,0
Kye,1,0,1,0
Mustafa,1,0,1,0
Jadiel,1,0,0,0
Stefan,1,0,1,0
Yousef,1,0,1,0
Aydin,1,0,1,0
Jericho,1,0,0,0
Wallace,1,0,0,0
Alistair,1,0,1,0
Davion,1,0,0,0
Alfred,1,0,1,0
Ernesto,1,0,0,0
Kyng,1,0,0,0
Gary,1,0,0,0
Leroy,1,0,0,0
Yahir,1,0,0,0
Braden,1,0,0,0
Kelvin,1,0,0,0
Kristian,1,0,1,0
Adler,1,0,0,0
Avyaan,1,0,1,0
Brayan,1,0,0,0
Jones,1,0,0,0
Truett,1,0,0,0
Randy,1,0,0,0
Jaxx,1,0,1,0
Jesiah,1,0,0,0
Jovanni,1,0,0,0
Azriel,1,0,0,0
Brecken,1,0,0,0
Zechariah,1,0,0,0
Gordon,1,0,0,0
Jakai,1,0,0,0
Carl,1,0,0,0
Graysen,1,0,0,0
Kylen,1,0,0,0
Ayan,1,0,1,0
Branson,1,0,0,0
Crosby,1,0,0,0
Dominik,1,0,1,0
Jabari,1,0,0,0
Jaxtyn,1,0,0,0
Kristopher,1,0,0,0
Ulises,1,0,0,0
Zyon,1,0,0,0
Fox,1,0,1,0
Howard,1,0,0,0
Salvatore,1,0,0,0
Turner,1,0,0,0
Vance,1,0,0,0
Jair,1,0,0,0
Jakobe,1,0,0,0
Jeremias,1,0,0,0
Osiris,1,0,0,0
Azael,1,0,0,0
Canaan,1,0,0,0
Elon,1,0,0,0
Granger,1,0,0,0
Zavier,1,0,1,0
Cain,1,0,0,0
Dangelo,1,0,0,0
Heath,1,0,1,0
Yisroel,1,0,0,0
Gian,1,0,0,0
Shepard,1,0,0,0
Harold,1,0,0,0
Kamdyn,1,0,0,0
Rene,1,0,0,0
Rodney,1,0,0,0
Yaakov,1,0,0,0
Adrien,1,0,0,0
Kartier,1,0,0,0
Cassian,1,0,1,0
Coleson,1,0,0,0
Ahmir,1,0,0,0
Darian,1,0,0,0
Kalel,1,0,0,0
Agustin,1,0,0,0
Wylder,1,0,0,0
Yadiel,1,0,0,0
Ephraim,1,0,0,0
Kody,1,0,1,0
Neo,1,0,1,0
Ignacio,1,0,0,0
Osman,1,0,1,0
Aldo,1,0,0,0
Abdullah,1,0,1,0
Cory,1,0,1,0
Blaine,1,0,0,0
Dimitri,1,0,0,0
Khai,1,0,0,0
Benedict,1,0,1,0
Leif,1,0,0,0
Koen,1,0,0,0
Maxton,1,0,0,0
Mordechai,1,0,0,0
Zev,1,0,0,0
Atharv,1,0,1,0
Bishop,1,0,0,0
Blaise,1,0,0,0
Davian,1,0,0,0
Foster,1,0,0,0
Harris,1,0,1,0
Mayson,1,0,0,0
Merrick,1,0,0,0
Ronnie,1,0,1,0
Benny,1,0,1,0
Juelz,1,0,0,0
Lyle,1,0,1,0
Rogelio,1,0,0,0
Coen,1,0,1,0
Marc,1,0,1,0
Stone,1,0,0,0
Bobby,1,0,1,0
Crue,1,0,0,0
Duncan,1,0,0,0
Abner,1,0,0,0
Beaux,1,0,0,0
Boaz,1,0,1,0
Gerald,1,0,0,0
Kaisen,1,0,0,0
Nikko,1,0,0,0
Zamir,1,0,0,0
Eliezer,1,0,0,0
Kyzer,1,0,0,0
Terry,1,0,0,0
Reginald,1,0,1,0
Marlon,1,0,0,0
Montgomery,1,0,1,0
Ramiro,1,0,0,0
Trent,1,0,1,0
Imran,1,0,1,0
Billy,1,0,1,0
Cedric,1,0,0,0
Jordy,1,0,0,0
Jairo,1,0,0,0
Jaxen,1,0,0,0
Rhodes,1,0,0,0
Cashton,1,0,0,0
Danilo,1,0,0,0
Ozias,1,0,0,0
Syncere,1,0,0,0
Zackary,1,0,1,0
Keenan,1,0,0,0
Alexzander,1,0,0,0
Decker,1,0,0,0
Greysen,1,0,0,0
Lev,1,0,0,0
Mikael,1,0,1,0
Tristen,1,0,0,0
Gannon,1,0,0,0
Beck,1,0,0,0
Brett,1,0,0,0
Dion,1,0,1,0
Maison,1,0,0,0
Menachem,1,0,0,0
Rian,1,0,1,0
Terrance,1,0,0,0
Dayton,1,0,0,0
Shlomo,1,0,0,0
Kayce,1,0,0,0
Shai,1,0,0,0
Shmuel,1,0,0,0
Darwin,1,0,0,0
Shimon,1,0,0,0
Slade,1,0,0,0
Will,1,0,0,0
Ash,1,0,1,0
Maxim,1,0,1,0
Wiley,1,0,0,0
Yahya,1,0,1,0
Bentlee,1,0,0,0
Pierre,1,0,0,0
Westyn,1,0,0,0
Kolten,1,0,0,0
Ollie,1,0,1,0
Karim,1,0,1,0
Achilles,1,0,0,0
Kolson,1,0,0,0
Kooper,1,0,0,0
Kross,1,0,0,0
Rowdy,1,0,0,0
Aurelio,1,0,0,0
Yitzchok,1,0,0,0
Adiel,1,0,0,0
Kyren,1,0,1,0
Toby,1,0,1,0
Zephyr,1,0,1,0
Braydon,1,0,0,0
Ernest,1,0,1,0
Veer,1,0,1,0
Nazir,1,0,0,0
Ralph,1,0,1,0
Jerome,1,0,0,0
Mattias,1,0,1,0
Tzvi,1,0,0,0
Kolt,1,0,0,0
Meir,1,0,0,0
Ren,1,0,1,0
Vaughn,1,0,0,0
Jad,1,0,1,0
Massimo,1,0,0,0
Ryatt,1,0,0,0
Casper,1,0,1,0
Gianluca,1,0,0,0
Jeffery,1,0,0,0
Jenson,1,0,1,0
Jrue,1,0,0,0
Kruz,1,0,0,0
Simeon,1,0,1,0
Ulysses,1,0,0,0
Cartier,1,0,0,0
Draven,1,0,0,0
Riaan,1,0,1,0
Dhruv,1,0,1,0
Jermaine,1,0,0,0
Jovani,1,0,0,0
Kaine,1,0,0,0
Kaius,1,0,0,0
Markus,1,0,0,0
Javon,1,0,0,0
Lucien,1,0,1,0
Benito,1,0,0,0
Coleman,1,0,0,0
Cristiano,1,0,0,0
Deon,1,0,1,0
Josias,1,0,0,0
Knowledge,1,0,0,0
Macklin,1,0,0,0
Kaycen,1,0,0,0
Mariano,1,0,0,0
Zeus,1,0,0,0
Dominique,1,0,0,0
Justus,1,0,0,0
Teo,1,0,1,0
Terrell,1,0,0,0
Edmund,1,0,1,0
Hakeem,1,0,1,0
Rolando,1,0,0,0
Camdyn,1,0,0,0
Giancarlo,1,0,0,0
Lazarus,1,0,0,0
Micheal,1,0,0,0
Malakhi,1,0,0,0
Amar,1,0,1,0
Eleazar,1,0,0,0
Niam,1,0,1,0
Torin,1,0,0,0
Amare,1,0,0,0
Ivaan,1,0,1,0
Nickolas,1,0,0,0
Semaj,1,0,0,0
Aayan,1,0,1,0
Gus,1,0,1,0
Isai,1,0,0,0
Azaiah,1,0,0,0
Carlo,1,0,1,0
Gray,1,0,1,0
Kilian,1,0,0,0
Korbyn,1,0,0,0
Teddy,1,0,1,0
Benaiah,1,0,0,0
Canyon,1,0,0,0
Zayan,1,0,1,0
Demari,1,0,0,0
Dwayne,1,0,0,0
Eren,1,0,1,0
Laith,1,0,1,0
Malaki,1,0,0,0
Norman,1,0,0,0
Ezrah,1,0,0,0
Gino,1,0,0,0
Zen,1,0,1,0
Izan,1,0,0,0
Jai,1,0,1,0
Kanan,1,0,0,0
Randall,1,0,0,0
Rishi,1,0,1,0
Cayde,1,0,0,0
Draco,1,0,0,0
Jahmir,1,0,0,0
Willie,1,0,0,0
Booker,1,0,0,0
Bronx,1,0,0,0
Immanuel,1,0,0,0
Lenox,1,0,0,0
Mike,1,0,0,0
Avraham,1,0,0,0
Cormac,1,0,1,0
Gilbert,1,0,0,0
Xzavier,1,0,0,0
Andreas,1,0,1,0
Anton,1,0,1,0
Jet,1,0,0,0
Rami,1,0,1,0
Seamus,1,0,0,0
Taj,1,0,0,0
Uziel,1,0,0,0
Waylen,1,0,0,0
Chad,1,0,0,0
Giovani,1,0,0,0
Kaizen,1,0,0,0
Kenny,1,0,1,0
Khaza,1,0,0,0
Ansel,1,0,0,0
Denim,1,0,0,0
Giannis,1,0,0,0
Isael,1,0,0,0
Krish,1,0,1,0
Link,1,0,0,0
Raheem,1,0,1,0
Tahj,1,0,0,0
Elmer,1,0,0,0
Javion,1,0,0,0
Aksel,1,0,0,0
Brent,1,0,0,0
Loki,1,0,1,0
Marquis,1,0,0,0
Sekani,1,0,0,0
Viaan,1,0,1,0
Benton,1,0,0,0
Bilal,1,0,1,0
Jakobi,1,0,0,0
Pierson,1,0,0,0
Anson,1,0,0,0
Eliot,1,0,0,0
Emil,1,0,1,0
Isa,1,0,1,0
Jethro,1,0,0,0
Keon,1,0,0,0
Maddux,1,0,0,0
Noble,1,0,0,0
Rogan,1,0,1,0
Tiago,1,0,1,0
Aizen,1,0,0,0
Clifford,1,0,0,0
Reyansh,1,0,1,0
Axle,1,0,0,0
Brentley,1,0,0,0
Caysen,1,0,0,0
Cedar,1,0,0,0
Cian,1,0,1,0
Shia,1,0,0,0
Zack,1,0,1,0
Kallen,1,0,0,0
Kolby,1,0,0,0
Makari,1,0,0,0
Monte,1,0,0,0
Oren,1,0,1,0
Brayson,1,0,0,0
Deklan,1,0,0,0
Efrain,1,0,0,0
Garrison,1,0,0,0
Krue,1,0,0,0
Leeland,1,0,0,0
Shaun,1,0,1,0
Carmine,1,0,0,0
Davon,1,0,0,0
Dovid,1,0,0,0
Kymani,1,0,0,0
Oakland,1,0,0,0
Sire,1,0,0,0
Terrence,1,0,0,0
Wylie,1,0,0,0
Yaseen,1,0,1,0
Arham,1,0,1,0
Aydan,1,0,1,0
Henri,1,0,1,0
Nikola,1,0,0,1
Ross,1,0,0,0
Taylen,1,0,0,0
Truth,1,0,0,0
Tylan,1,0,0,0
Wolfgang,1,0,0,0
Lamar,1,0,0,0
Zakari,1,0,0,0
Zavian,1,0,0,0
Bernard,1,0,1,0
Mars,1,0,0,0
Akeem,1,0,0,0
Asaiah,1,0,0,0
Cortez,1,0,0,0
Finnick,1,0,0,0
Gibson,1,0,0,0
Ishmael,1,0,0,0
Jessiah,1,0,0,0
Kyaire,1,0,0,0
Antoine,1,0,0,0
Chosen,1,0,0,0
Matheo,1,0,0,0
Tayden,1,0,0,0
Dov,1,0,0,0
Jasiel,1,0,0,0
Kenai,1,0,0,0
Rylen,1,0,0,0
Aleksander,1,0,1,0
Brexton,1,0,0,0
Ean,1,0,0,0
Eason,1,0,0,0
Kain,1,0,0,0
Marcello,1,0,0,0
Smith,1,0,0,0
Viktor,1,0,1,0
Jadon,1,0,1,0
Jasir,1,0,0,0
Mikah,1,0,0,0
Warner,1,0,0,0
Yoel,1,0,1,0
Ziggy,1,0,1,0
Alton,1,0,0,0
Barron,1,0,0,0
Caius,1,0,0,0
Hans,1,0,0,0
Natanael,1,0,0,0
Tyrone,1,0,0,0
Amarion,1,0,0,0
Gio,1,0,0,0
Gonzalo,1,0,0,0
Jacari,1,0,0,0
Karsen,1,0,0,0
Lyam,1,0,0,0
Milton,1,0,0,0
Rodolfo,1,0,0,0
Cru,1,0,0,0
Deshawn,1,0,0,0
Xavion,1,0,0,0
Zayvion,1,0,0,0
Zeppelin,1,0,0,0
Aston,1,0,1,0
Braxtyn,1,0,0,0
Denzel,1,0,0,0
Hansel,1,0,0,0
Huxton,1,0,0,0
Lucius,1,0,0,0
Ruger,1,0,0,0
Sami,1,0,1,0
Steve,1,0,0,0
Tariq,1,0,0,0
Braylin,1,0,0,0
Deangelo,1,0,0,0
Isiah,1,0,0,0
Pharaoh,1,0,0,0
Quintin,1,0,0,0
Arman,1,0,1,0
Coby,1,0,1,0
Darien,1,0,0,0
Umar,1,0,1,0
Alessio,1,0,1,0
Aryeh,1,0,0,0
Cristobal,1,0,0,0
Gilberto,1,0,0,0
Ilan,1,0,0,0
Jaire,1,0,0,0
Kashmir,1,0,0,0
Kenan,1,0,0,0
Luther,1,0,0,0
Nick,1,0,0,0
Rashad,1,0,0,0
Avion,1,0,0,0
Bastian,1,0,0,0
Carsen,1,0,0,0
Carver,1,0,0,0
Darrell,1,0,0,0
Freddy,1,0,1,0
Hasan,1,0,1,0
Kent,1,0,0,0
Mikhail,1,0,1,0
Dale,1,0,0,0
Daylen,1,0,0,0
Dereck,1,0,0,0
Elyas,1,0,1,0
Francesco,1,0,1,0
Kaizer,1,0,0,0
Phineas,1,0,0,0
Thorin,1,0,0,0
Zamari,1,0,0,0
Zephaniah,1,0,1,0
Fredrick,1,0,1,0
Gadiel,1,0,0,0
Jamar,1,0,0,0
Rayyan,1,0,1,0
Tristian,1,0,0,0
Truman,1,0,0,0
Viraj,1,0,0,0
Finnian,1,0,1,0
Perseus,1,0,0,0
Stephan,1,0,0,0
Syed,1,0,1,0
Clarence,1,0,0,0
Eamon,1,0,0,0
Ender,1,0,0,0
Konnor,1,0,0,0
Nile,1,0,0,0
Zealand,1,0,0,0
Zymir,1,0,0,0
Arrow,1,0,0,0
Jaylon,1,0,0,0
Kamron,1,0,0,0
Linkin,1,0,0,0
Tyree,1,0,0,0
Ved,1,0,0,0
Yasir,1,0,1,0
Brysen,1,0,0,0
Kalvin,1,0,0,0
Roan,1,0,1,0
Vladimir,1,0,1,0
Westen,1,0,0,0
Anas,1,0,1,0
Ayman,1,0,1,0
Jiovanni,1,0,0,0
Rico,1,0,1,0
Vernon,1,0,0,0
Youssef,1,0,1,0
Atreyu,1,0,0,0
Azai,1,0,0,0
Craig,1,0,0,0
Elvis,1,0,1,0
Eros,1,0,0,0
Glenn,1,0,0,0
Izayah,1,0,0,0
Khamari,1,0,0,0
Kylin,1,0,0,0
Massiah,1,0,0,0
Rush,1,0,0,0
Zaylen,1,0,0,0
Barry,1,0,0,0
Bernardo,1,0,0,0
Huck,1,0,0,0
Jamarion,1,0,0,0
Karmelo,1,0,0,0
Keagan,1,0,0,0
Oskar,1,0,1,0
Reynaldo,1,0,0,0
Ripp,1,0,0,0
Sir,1,0,0,0
Avyan,1,0,0,0
Baron,1,0,0,0
Brantlee,1,0,0,0
Clinton,1,0,0,0
Cristopher,1,0,0,0
Destin,1,0,0,0
Eliyahu,1,0,0,0
Emrys,1,0,1,0
Ewan,1,0,1,0
Ismail,1,0,1,0
Agastya,1,0,0,0
Cam,1,0,0,0
Camren,1,0,0,0
Damion,1,0,0,0
Demir,1,0,0,0
Gerard,1,0,0,0
Jonathon,1,0,0,0
Taysom,1,0,0,0
Townes,1,0,0,0
Izael,1,0,0,0
Kreed,1,0,0,0
Kyrin,1,0,0,0
Malek,1,0,1,0
Ranger,1,0,0,0
Sammy,1,0,0,0
Cree,1,0,1,0
Deion,1,0,0,0
Jacobi,1,0,0,0
Jayvion,1,0,0,0
Jeriah,1,0,0,0
Jovan,1,0,1,0
Kaleo,1,0,0,0
Kiran,1,0,0,0
Mael,1,0,0,0
Makhi,1,0,0,0
Malikai,1,0,0,0
Mazi,1,0,0,0
Octavio,1,0,0,0
Osvaldo,1,0,0,0
Renzo,1,0,1,0
Guy,1,0,1,0
Humberto,1,0,0,0
Kamarion,1,0,0,0
Stellan,1,0,0,0
Alder,1,0,0,0
Devonte,1,0,0,0
Emmet,1,0,0,0
German,1,0,0,0
Kassius,1,0,0,0
Ramses,1,0,0,0
Yair,1,0,0,0
Aariv,1,0,0,0
Deegan,1,0,0,0
Hagen,1,0,0,0
Karl,1,0,0,0
Mauro,1,0,0,0
Quinten,1,0,0,0
Todd,1,0,0,0
Aamir,1,0,0,0
Cecil,1,0,0,0
Haiden,1,0,0,0
Jules,1,0,1,0
Ozzie,1,0,1,0
Yakov,1,0,0,0
Yasin,1,0,1,0
Aaryan,1,0,1,0
Arnold,1,0,1,0
Channing,1,0,0,0
Kaeden,1,0,0,0
Linden,1,0,0,0
Maverik,1,0,0,0
Steele,1,0,0,0
Zakariya,1,0,1,0
Armaan,1,0,1,0
Axell,1,0,0,0
Derick,1,0,0,0
Dev,1,0,1,0
Finneas,1,0,0,0
Geovanni,1,0,0,0
Lenny,1,0,1,0
Linus,1,0,0,0
Oziel,1,0,0,0
Revan,1,0,0,0
Rip,1,0,0,0
Camron,1,0,0,0
Elton,1,0,0,0
Gionni,1,0,0,0
Levon,1,0,0,0
Lloyd,1,0,1,0
Mikel,1,0,0,0
Vince,1,0,0,0
Donte,1,0,0,0
Eiden,1,0,0,0
Jettson,1,0,0,0
Kacen,1,0,0,0
Kentrell,1,0,0,0
Neal,1,0,0,0
Sultan,1,0,1,0
Valor,1,0,0,0
Aarush,1,0,1,0
Eddy,1,0,0,0
Khaled,1,0,0,0
Kysen,1,0,0,0
Yerik,1,0,0,0
Amado,1,0,0,0
Eitan,1,0,0,0
Hampton,1,0,0,0
Jean,1,0,0,0
Jireh,1,0,0,0
Lester,1,0,0,0
Akiva,1,0,0,0
Boyd,1,0,0,0
Dashiell,1,0,0,0
Slater,1,0,0,0
Wilmer,1,0,0,0
Avrohom,1,0,0,0
Giuseppe,1,0,0,0
Jahir,1,0,0,0
Keoni,1,0,0,0
Lyndon,1,0,0,0
Nakoa,1,0,0,0
Olin,1,0,0,0
Wolf,1,0,0,0
Aris,1,0,1,0
Corbyn,1,0,0,0
Eydan,1,0,0,0
Jaleel,1,0,0,0
Khyree,1,0,0,0
Krishiv,1,0,1,0
Kyngston,1,0,0,0
Shalom,1,0,0,0
Zyan,1,0,0,0
Brenden,1,0,0,0
Fynn,1,0,1,0
Lazaro,1,0,0,0
Auden,1,0,0,0
Coy,1,0,0,0
Darryl,1,0,0,0
Don,1,0,0,0
Jelani,1,0,0,0
Kiyan,1,0,1,0
Ransom,1,0,0,0
Xavien,1,0,0,0
Ayce,1,0,0,0
Brice,1,0,0,0
Khyson,1,0,0,0
Levy,1,0,0,0
Mahir,1,0,1,0
Nael,1,0,1,0
Noam,1,0,0,0
Syrus,1,0,0,0
Tyrell,1,0,0,0
Adnan,1,0,1,0
Alek,1,0,0,0
Archibald,1,0,1,0
Braiden,1,0,0,0
Cypress,1,0,0,0
Darnell,1,0,0,0
Jordi,1,0,0,0
Jru,1,0,0,0
Kyron,1,0,1,0
Leopold,1,0,0,0
Rishaan,1,0,0,0
Virgil,1,0,0,0
Zavion,1,0,0,0
Freddie,0,0,1,0
Alfie,0,0,1,0
Albie,0,0,1,0
Reggie,0,0,1,0
Chester,0,0,1,0
Rupert,0,0,1,0
Vinnie,0,0,1,0
Wilfred,0,0,1,0
Muhammed,0,0,1,0
Eesa,0,0,1,0
Finlay,0,0,1,0
Filip,0,0,1,0
Ted,0,0,1,0
Rafferty,0,0,1,0
Rafe,0,0,1,0
Bertie,0,0,1,0
Matei,0,0,1,0
Barnaby,0,0,1,0
Abdul,0,0,1,0
Zac,0,0,1,0
Barney,0,0,1,0
Monty,0,0,1,0
Ralphie,0,0,1,0
Jakub,0,0,1,0
Fraser,0,0,1,0
Osian,0,0,1,0
Zayaan,0,0,1,0
Lennie,0,0,1,0
Teddie,0,0,1,0
Ilyas,0,0,1,0
Antoni,0,0,1,0
Elis,0,0,1,0
Yunus,0,0,1,0
Azaan,0,0,1,0
Haris,0,0,1,0
Kasper,0,0,1,0
Nate,0,0,1,0
Rufus,0,0,1,0
Angus,0,0,1,0
Ernie,0,0,1,0
Denis,0,0,1,0
Percy,0,0,1,0
Dougie,0,0,1,0
Alexandru,0,0,1,0
Woody,0,0,1,0
Zach,0,0,1,0
Zohan,0,0,1,0
Andrei,0,0,1,0
Jan,0,0,1,0
Koby,0,0,1,0
Orson,0,0,1,0
Kacper,0,0,1,0
Haider,0,0,1,0
Rudi,0,0,1,0
Yaqub,0,0,1,0
Dawud,0,0,1,0
Nikodem,0,0,1,0
Buddy,0,0,1,0
Hamish,0,0,1,0
Hussain,0,0,1,0
Harri,0,0,1,0
Hughie,0,0,1,0
Laurence,0,0,1,0
Mikaeel,0,0,1,0
Teodor,0,0,1,0
Arnie,0,0,1,0
Olly,0,0,1,0
Oisin,0,0,1,0
Zak,0,0,1,0
Ibraheem,0,0,1,0
Ismaeel,0,0,1,0
Vinny,0,0,1,0
Vlad,0,0,1,0
Idrees,0,0,1,0
Wilbur,0,0,1,0
Aahil,0,0,1,0
Ayyub,0,0,1,0
Aadam,0,0,1,0
Sulaiman,0,0,1,0
Tadhg,0,0,1,0
Tommy-Lee,0,0,1,0
Usman,0,0,1,0
Beauden,0,0,1,0
Rueben,0,0,1,0
Tomos,0,0,1,0
Zakaria,0,0,1,0
Alvey,0,0,1,0
Macsen,0,0,1,0
Raife,0,0,1,0
Jago,0,0,1,0
Lowen,0,0,1,0
Eduard,0,0,1,0
Franciszek,0,0,1,0
Tymon,0,0,1,0
Kobie,0,0,1,0
Ruairi,0,0,1,0
Ivar,0,0,1,0
Caspar,0,0,1,0
Ianis,0,0,1,0
Zayyan,0,0,1,0
Ayub,0,0,1,0
Hashim,0,0,1,0
Niall,0,0,1,0
Theodor,0,0,1,0
Hari,0,0,1,0
Oliwier,0,0,1,0
Rares,0,0,1,0
Rayaan,0,0,1,0
Lando,0,0,1,0
Olivier,0,0,1,0
Robbie,0,0,1,0
Alby,0,0,1,0
Georgie,0,0,1,1
Laurie,0,0,1,1
Yuvraj,0,0,1,0
Caelan,0,0,1,0
Jac,0,0,1,0
Natan,0,0,1,0
Szymon,0,0,1,0
Huzaifa,0,0,1,0
Ioan,0,0,1,0
Sulayman,0,0,1,0
Zaviyar,0,0,1,0
Deen,0,0,1,0
Fred,0,0,1,0
Mikolaj,0,0,1,0
Faris,0,0,1,0
Fergus,0,0,1,0
Keyaan,0,0,1,0
Tudor,0,0,1,0
Ned,0,0,1,0
Ayaz,0,0,1,0
Josh,0,0,1,0
Yousuf,0,0,1,0
Arjan,0,0,1,0
Ralphy,0,0,1,0
Aariz,0,0,1,0
Fionn,0,0,1,0
Hadi,0,0,1,0
Artie,0,0,1,0
Luan,0,0,1,0
Rafi,0,0,1,0
Ahad,0,0,1,0
Layth,0,0,1,0
Arlen,0,0,1,0
Deniz,0,0,1,0
Hamzah,0,0,1,0
Zakariyya,0,0,1,0
Cai,0,0,1,0
Euan,0,0,1,0
Haroon,0,0,1,0
Issa,0,0,1,0
Lorcan,0,0,1,0
Suleiman,0,0,1,0
Talha,0,0,1,0
Md,0,0,1,0
Albi,0,0,1,0
Izaan,0,0,1,0
Tom,0,0,1,0
Wiktor,0,0,1,0
Azlan,0,0,1,0
Esa,0,0,1,0
Maksymilian,0,0,1,0
Daniyal,0,0,1,0
Herbie,0,0,1,0
Subhan,0,0,1,0
Alexandros,0,0,1,0
Omer,0,0,1,0
Shayan,0,0,1,0
Zidan,0,0,1,0
Zorawar,0,0,1,0
Artur,0,0,1,0
Denny,0,0,1,0
Eisa,0,0,1,0
Michal,0,0,1,0
Zidane,0,0,1,0
Alvie,0,0,1,0
Arley,0,0,1,0
Franky,0,0,1,0
Tommie,0,0,1,0
Amaan,0,0,1,0
Ivo,0,0,1,0
Stanislaw,0,0,1,0
Abdurrahman,0,0,1,0
Ishaq,0,0,1,0
Izhaan,0,0,1,0
Mikail,0,0,1,0
Saif,0,0,1,0
Tymoteusz,0,0,1,0
Cosmo,0,0,1,0
Ivor,0,0,1,0
Lake,0,0,1,0
Lockie,0,0,1,0
Mikey,0,0,1,0
Qasim,0,0,1,0
Tomi,0,0,1,0
Ignacy,0,0,1,0
Igor,0,0,1,0
Iosif,0,0,1,0
Ishaaq,0,0,1,0
Miran,0,0,1,0
Wilf,0,0,1,0
Yusha,0,0,1,0
Abu,0,0,1,0
Ammar,0,0,1,0
Raees,0,0,1,0
Roux,0,0,1,0
Ajay,0,0,1,0
Eoin,0,0,1,0
Gruffydd,0,0,1,0
Jeevan,0,0,1,0
Aras,0,0,1,0
Bleu,0,0,1,0
Kyran,0,0,1,0
Paddy,0,0,1,0
Zian,0,0,1,0
Dawid,0,0,1,0
Harlen,0,0,1,0
Ovie,0,0,1,0
Taha,0,0,1,0
Uthman,0,0,1,0
Yazan,0,0,1,0
Boris,0,0,1,0
Eddison,0,0,1,0
Herbert,0,0,1,0
Hubert,0,0,1,0
Roscoe,0,0,1,0
Salahuddin,0,0,1,0
Aren,0,0,1,0
Danyal,0,0,1,0
Gurbaaz,0,0,1,0
Jibreel,0,0,1,0
Kamil,0,0,1,0
Kaylan,0,0,1,0
Markas,0,0,1,0
Seb,0,0,1,0
Adil,0,0,1,0
Adyan,0,0,1,0
Ariyan,0,0,1,0
Fateh,0,0,1,0
Riyan,0,0,1,0
Sid,0,0,1,0
Abubakr,0,0,1,0
Advik,0,0,1,0
Ekam,0,0,1,0
Essa,0,0,1,0
Eyad,0,0,1,0
Frazer,0,0,1,0
Hashir,0,0,1,0
Mahdi,0,0,1,0
Obie,0,0,1,0
Sheikh,0,0,1,0
Sufyan,0,0,1,0
Taran,0,0,1,0
Zohaan,0,0,1,0
Alastair,0,0,1,0
Arlo-James,0,0,1,0
Ciaran,0,0,1,0
Haadi,0,0,1,0
Taron,0,0,1,0
Aj,0,0,1,0
Ayoub,0,0,1,0
Haaris,0,0,1,0
Harun,0,0,1,0
Nikita,0,0,1,0
Owais,0,0,1,0
Saad,0,0,1,0
Yousif,0,0,1,0
Abdulrahman,0,0,1,0
Arin,0,0,1,0
Arlie,0,0,1,0
Baxter,0,0,1,0
Cobie,0,0,1,0
Digby,0,0,1,0
Elwood,0,0,1,0
Emre,0,0,1,0
Kajus,0,0,1,0
Klay,0,0,1,0
Kyan,0,0,1,0
Montague,0,0,1,0
Richie,0,0,1,0
Safwan,0,0,1,0
Uzair,0,0,1,0
Akram,0,0,1,0
Alfie-James,0,0,1,0
Arvin,0,0,1,0
Cezar,0,0,1,0
Efan,0,0,1,0
Elisei,0,0,1,0
Faizan,0,0,1,0
Gene,0,0,1,0
Gurfateh,0,0,1,0
Henryk,0,0,1,0
Kiyaan,0,0,1,0
Olaf,0,0,1,0
Orhan,0,0,1,0
Orin,0,0,1,0
Ryley,0,0,1,0
Sahib,0,0,1,0
Amin,0,0,1,0
Ayrton,0,0,1,0
Bogdan,0,0,1,0
Cruze,0,0,1,0
Georgi,0,0,1,0
Mohamad,0,0,1,0
Obi,0,0,1,0
Salman,0,0,1,0
Sayed,0,0,1,0
Teddy-James,0,0,1,0
Timur,0,0,1,0
Abbas,0,0,1,0
Arran,0,0,1,0
Aviraj,0,0,1,0
Benji,0,0,1,0
Bernie,0,0,1,0
Eben,0,0,1,0
Emile,0,0,1,0
Gethin,0,0,1,0
Giorgio,0,0,1,0
Maximillian,0,0,1,0
Reyan,0,0,1,0
Ronny,0,0,1,0
Sacha,0,0,1,0
Shivansh,0,0,1,0
Acer,0,0,1,0
Adem,0,0,1,0
Antony,0,0,1,0
Aran,0,0,1,0
Jos,0,0,1,0
Karam,0,0,1,0
Piotr,0,0,1,0
Rehan,0,0,1,0
Rudra,0,0,1,0
Sahil,0,0,1,0
Sonnie,0,0,1,0
Yanis,0,0,1,0
Younis,0,0,1,0
Aryaan,0,0,1,0
Basil,0,0,1,0
Caio,0,0,1,0
Conan,0,0,1,0
Kayan,0,0,1,0
Leyton,0,0,1,0
Maksim,0,0,1,0
Matas,0,0,1,0
Noah-James,0,0,1,0
Nuh,0,0,1,0
Ravi,0,0,1,0
Riyad,0,0,1,0
Shah,0,0,1,0
Vivaan,0,0,1,0
Zaydan,0,0,1,0
Benas,0,0,1,0
Blue,0,0,1,0
Florian,0,0,1,0
Hussein,0,0,1,0
Kitt,0,0,1,0
Percival,0,0,1,0
Raffi,0,0,1,0
Rayhan,0,0,1,0
Reo,0,0,1,0
Shahzain,0,0,1,0
Shiv,0,0,1,0
Theo-James,0,0,1,0
Zakariyah,0,0,1,0
Zaki,0,0,1,0
Abdirahman,0,0,1,0
Aman,0,0,1,0
Dawood,0,0,1,0
Donnie,0,0,1,0
Etienne,0,0,1,0
Farhan,0,0,1,0
Federico,0,0,1,0
Hasnain,0,0,1,0
Herkus,0,0,1,0
Huey,0,0,1,0
Huw,0,0,1,0
Kaysan,0,0,1,0
Khaleel,0,0,1,0
Khizar,0,0,1,0
Mehmet,0,0,1,0
Raffy,0,0,1,0
Sebastien,0,0,1,0
Sully,0,0,1,0
Woodrow,0,0,1,0
Cass,0,0,1,0
Darragh,0,0,1,0
Diyan,0,0,1,0
Hakim,0,0,1,0
Huzaifah,0,0,1,0
Konstantinos,0,0,1,0
Manraj,0,0,1,0
Moishe,0,0,1,0
Salah,0,0,1,0
Wojciech,0,0,1,0
Orla,0,0,0,1
Darcie,0,0,0,1
Ottilie,0,0,0,1
Marnie,0,0,0,1
Niamh,0,0,0,1
Darcey,0,0,0,1
Connie,0,0,0,1
Polly,0,0,0,1
Isobel,0,0,0,1
Primrose,0,0,0,1
Betsy,0,0,0,1
Ayda,0,0,0,1
Effie,0,0,0,1
Seren,0,0,0,1
Maeva,0,0,0,1
Dua,0,0,0,1
Hollie,0,0,0,1
Ivy-Rose,0,0,0,1
Dottie,0,0,0,1
Haniya,0,0,0,1
Neve,0,0,0,1
Reeva,0,0,0,1
Syeda,0,0,0,1
Nell,0,0,0,1
Ella-Rose,0,0,0,1
Ava-Rose,0,0,0,1
Maja,0,0,0,1
Dolly,0,0,0,1
Zofia,0,0,0,1
Fatimah,0,0,0,1
Isla-Rose,0,0,0,1
Blossom,0,0,0,1
Philippa,0,0,0,1
Arla,0,0,0,1
Jannat,0,0,0,1
Aizah,0,0,0,1
Zuzanna,0,0,0,1
Daria,0,0,0,1
Fiadh,0,0,0,1
Eira,0,0,0,1
Peggy,0,0,0,1
Jemima,0,0,0,1
Ffion,0,0,0,1
Amelia-Rose,0,0,0,1
Lily-Rose,0,0,0,1
Aqsa,0,0,0,1
Gracie-Mae,0,0,0,1
Hoorain,0,0,0,1
Iqra,0,0,0,1
Isra,0,0,0,1
Ava-Mae,0,0,0,1
Fleur,0,0,0,1
Iona,0,0,0,1
Minnie,0,0,0,1
Marwa,0,0,0,1
Bella-Rose,0,0,0,1
Imaan,0,0,0,1
Aayat,0,0,0,1
Aiyla,0,0,0,1
Alicja,0,0,0,1
Hiba,0,0,0,1
Inayah,0,0,0,1
Pola,0,0,0,1
Alys,0,0,0,1
Duaa,0,0,0,1
Theia,0,0,0,1
Henrietta,0,0,0,1
Ava-Grace,0,0,0,1
Pixie,0,0,0,1
Oliwia,0,0,0,1
Eadie,0,0,0,1
Dolcie,0,0,0,1
Isla-Mae,0,0,0,1
Hania,0,0,0,1
Mali,0,0,0,1
Esmee,0,0,0,1
Delilah-Rose,0,0,0,1
Elsie-Mae,0,0,0,1
Orlaith,0,0,0,1
Ivy-Mae,0,0,0,1
Maira,0,0,0,1
Ayzal,0,0,0,1
Nela,0,0,0,1
Sumayyah,0,0,0,1
Caitlin,0,0,0,1
Ellie-Mae,0,0,0,1
Hafsah,0,0,0,1
Lily-Mae,0,0,0,1
Safiyyah,0,0,0,1
Ebony,0,0,0,1
Irha,0,0,0,1
Emaan,0,0,0,1
Minha,0,0,0,1
Nusaybah,0,0,0,1
Fearne,0,0,0,1
Arwa,0,0,0,1
Minahil,0,0,0,1
Siyana,0,0,0,1
Aaminah,0,0,0,1
Harper-Rose,0,0,0,1
Bobbie,0,0,0,1
Coco,0,0,0,1
Joni,0,0,0,1
Anabia,0,0,0,1
Eshaal,0,0,0,1
Ettie,0,0,0,1
Olivia-Rose,0,0,0,1
Una,0,0,0,1
Elyza,0,0,0,1
Stefania,0,0,0,1
Dulcie,0,0,0,1
Rumaysa,0,0,0,1
Mia-Rose,0,0,0,1
Safaa,0,0,0,1
Zimal,0,0,0,1
Aysha,0,0,0,1
Evie-Rose,0,0,0,1
Rosanna,0,0,0,1
Alyssia,0,0,0,1
Laiba,0,0,0,1
Mahnoor,0,0,0,1
Neave,0,0,0,1
Ria,0,0,0,1
Asiyah,0,0,0,1
Ayeza,0,0,0,1
Daisy-Mae,0,0,0,1
Enya,0,0,0,1
Haleema,0,0,0,1
Jannah,0,0,0,1
Marcie,0,0,0,1
Manha,0,0,0,1
Ruqayyah,0,0,0,1
Isabella-Rose,0,0,0,1
Hermione,0,0,0,1
Lili,0,0,0,1
Ruby-Rose,0,0,0,1
Saffron,0,0,0,1
Sidra,0,0,0,1
Hawwa,0,0,0,1
Raeya,0,0,0,1
Roma,0,0,0,1
Ella-Mae,0,0,0,1
Ferne,0,0,0,1
Hettie,0,0,0,1
Humaira,0,0,0,1
Izabela,0,0,0,1
Jorgie,0,0,0,1
Layla-Rose,0,0,0,1
Malaika,0,0,0,1
Melisa,0,0,0,1
Sienna-Rose,0,0,0,1
Cece,0,0,0,1
Kitty,0,0,0,1
Millie-Mae,0,0,0,1
Abeeha,0,0,0,1
Theadora,0,0,0,1
Allegra,0,0,0,1
Asees,0,0,0,1
Eleri,0,0,0,1
Harlie,0,0,0,1
Huda,0,0,0,1
Nancie,0,0,0,1
Nella,0,0,0,1
Enola,0,0,0,1
Lilly-Mae,0,0,0,1
Saskia,0,0,0,1
Bea,0,0,0,1
Hadiya,0,0,0,1
Lavinia,0,0,0,1
Aleksandra,0,0,0,1
Antonina,0,0,0,1
Cerys,0,0,0,1
Haya,0,0,0,1
Marla,0,0,0,1
Carys,0,0,0,1
Iman,0,0,0,1
Ivy-Rae,0,0,0,1
Leonie,0,0,0,1
Umaiza,0,0,0,1
Aria-Rose,0,0,0,1
Rania,0,0,0,1
Florrie,0,0,0,1
Indi,0,0,0,1
Mabli,0,0,0,1
Roisin,0,0,0,1
Romilly,0,0,0,1
Zayna,0,0,0,1
Zeynep,0,0,0,1
Zoha,0,0,0,1
Anaiya,0,0,0,1
Evie-Mae,0,0,0,1
Harriett,0,0,0,1
Lily-May,0,0,0,1
Maliha,0,0,0,1
Effy,0,0,0,1
Elif,0,0,0,1
Harleen,0,0,0,1
Merryn,0,0,0,1
Nansi,0,0,0,1
Wiktoria,0,0,0,1
Willow-Rose,0,0,0,1
Efa,0,0,0,1
Jiya,0,0,0,1
Kaja,0,0,0,1
Luna-Rae,0,0,0,1
Nel,0,0,0,1
Aasiyah,0,0,0,1
Daisy-May,0,0,0,1
Dollie,0,0,0,1
Everlyn,0,0,0,1
Kinza,0,0,0,1
Mahira,0,0,0,1
Malika,0,0,0,1
Rahma,0,0,0,1
Renesmae,0,0,0,1
Zunaira,0,0,0,1
Abbie,0,0,0,1
Avie,0,0,0,1
Avneet,0,0,0,1
Blanka,0,0,0,1
Cadi,0,0,0,1
Darcie-Mae,0,0,0,1
Dusty,0,0,0,1
Elysia,0,0,0,1
Isla-Grace,0,0,0,1
Ivie,0,0,0,1
Lilly-Rose,0,0,0,1
Lowri,0,0,0,1
Myla-Rose,0,0,0,1
Noura,0,0,0,1
Nuala,0,0,0,1
Zaynah,0,0,0,1
Arisha,0,0,0,1
Ayaat,0,0,0,1
Dorothea,0,0,0,1
Eryn,0,0,0,1
Gigi,0,0,0,1
Hidayah,0,0,0,1
Miruna,0,0,0,1
Naia,0,0,0,1
Teodora,0,0,0,1
Aafiyah,0,0,0,1
Baani,0,0,0,1
Elsie-Rose,0,0,0,1
Freja,0,0,0,1
Leonora,0,0,0,1
Madiha,0,0,0,1
Medina,0,0,0,1
Raisa,0,0,0,1
Autumn-Rose,0,0,0,1
Dotty,0,0,0,1
Isobelle,0,0,0,1
Lyla-Rose,0,0,0,1
Mimi,0,0,0,1
Oona,0,0,0,1
Orlagh,0,0,0,1
Renae,0,0,0,1
Amna,0,0,0,1
Bryony,0,0,0,1
Clemmie,0,0,0,1
Elspeth,0,0,0,1
Enid,0,0,0,1
Husna,0,0,0,1
Madina,0,0,0,1
Poppie,0,0,0,1
Riva,0,0,0,1
Romie,0,0,0,1
Abiha,0,0,0,1
Asma,0,0,0,1
Bianka,0,0,0,1
Caoimhe,0,0,0,1
Iga,0,0,0,1
Luna-Rose,0,0,0,1
Rehmat,0,0,0,1
Rosabella,0,0,0,1
Safiyah,0,0,0,1
Wynter-Rose,0,0,0,1
Xanthe,0,0,0,1
Andreea,0,0,0,1
Arabella-Rose,0,0,0,1
Ayzel,0,0,0,1
Bobbi,0,0,0,1
Georgiana,0,0,0,1
Haaniya,0,0,0,1
Kenza,0,0,0,1
Kornelia,0,0,0,1
Maysa,0,0,0,1
Nieve,0,0,0,1
Reem,0,0,0,1
Willow-Grace,0,0,0,1
Yana,0,0,0,1
Yumna,0,0,0,1
Afiyah,0,0,0,1
Aleeza,0,0,0,1
Anays,0,0,0,1
Azra,0,0,0,1
Daisie,0,0,0,1
Fia,0,0,0,1
Hajra,0,0,0,1
Halimah,0,0,0,1
Harper-Leigh,0,0,0,1
Ilaria,0,0,0,1
Ilyana,0,0,0,1
Ioana,0,0,0,1
Lillie-Mae,0,0,0,1
Lilly-May,0,0,0,1
Lola-Rose,0,0,0,1
Marta,0,0,0,1
Roxy,0,0,0,1
Aaira,0,0,0,1
Ava-Leigh,0,0,0,1
Esra,0,0,0,1
Essie,0,0,0,1
Isla-Rae,0,0,0,1
Lacie,0,0,0,1
Lottie-Mae,0,0,0,1
Medeea,0,0,0,1
Roseanna,0,0,0,1
Rubie,0,0,0,1
Ruby-Mae,0,0,0,1
Siara,0,0,0,1
Summer-Rose,0,0,0,1
Torvi,0,0,0,1
Trixie,0,0,0,1
Vienna-Rose,0,0,0,1
Alyza,0,0,0,1
Aster,0,0,0,1
Bronte,0,0,0,1
Eabha,0,0,0,1
Eshal,0,0,0,1
Hayat,0,0,0,1
Ilinca,0,0,0,1
Israa,0,0,0,1
Ivy-Grace,0,0,0,1
Khadeejah,0,0,0,1
Leya,0,0,0,1
Lowenna,0,0,0,1
Maiya,0,0,0,1
Millie-Rose,0,0,0,1
Nuha,0,0,0,1
Olivia-Grace,0,0,0,1
Posie,0,0,0,1
Rayah,0,0,0,1
River-Rose,0,0,0,1
Roza,0,0,0,1
Sumaya,0,0,0,1
Tasneem,0,0,0,1
Yasmina,0,0,0,1
Amalie,0,0,0,1
Darcie-Rae,0,0,0,1
Esme-Rose,0,0,0,1
Eveline,0,0,0,1
Harper-Rae,0,0,0,1
Havana,0,0,0,1
Joanie,0,0,0,1
Leen,0,0,0,1
Leonor,0,0,0,1
Lillie-Rose,0,0,0,1
Lulu,0,0,0,1
Marni,0,0,0,1
Pandora,0,0,0,1
Rida,0,0,0,1
Simona,0,0,0,1
Tiaraoluwa,0,0,0,1
Aima,0,0,0,1
Amaira,0,0,0,1
Anastazja,0,0,0,1
Avni,0,0,0,1
Dora,0,0,0,1
Elsie-May,0,0,0,1
Iylah,0,0,0,1
Izzy,0,0,0,1
Maha,0,0,0,1
Mannat,0,0,0,1
Michalina,0,0,0,1
Niyah,0,0,0,1
Olympia,0,0,0,1
Ruhi,0,0,0,1
Simran,0,0,0,1
Zunairah,0,0,0,1
Aairah,0,0,0,1
Anwen,0,0,0,1
Ava-Mai,0,0,0,1
Bonnie-Mae,0,0,0,1
Cassia,0,0,0,1
Eiliyah,0,0,0,1
Gracie-May,0,0,0,1
Ivy-May,0,0,0,1
Kiki,0,0,0,1
Matylda,0,0,0,1
Mehar,0,0,0,1
Mila-Rose,0,0,0,1
Myla-Mae,0,0,0,1
Naira,0,0,0,1
Nelle,0,0,0,1
Nyla-Rose,0,0,0,1
Rumaisa,0,0,0,1
Sakina,0,0,0,1
Selin,0,0,0,1
Aiman,0,0,0,1
Amaal,0,0,0,1
Amanah,0,0,0,1
Amayra,0,0,0,1
Ashleigh,0,0,0,1
Ava-May,0,0,0,1
Bethan,0,0,0,1
Bluebell,0,0,0,1
Bonnie-Rose,0,0,0,1
Clodagh,0,0,0,1
Eilidh,0,0,0,1
Ethel,0,0,0,1
Evelin,0,0,0,1
Ezmae,0,0,0,1
Isobella,0,0,0,1
Nevaeh-Rose,0,0,0,1
Precious,0,0,0,1
Raiya,0,0,0,1
Safiyya,0,0,0,1
Scarlett-Rose,0,0,0,1
Skylar-Rose,0,0,0,1
Winter-Rose,0,0,0,1
Aishah,0,0,0,1
Amelia-Grace,0,0,0,1
Bonnie-Rae,0,0,0,1
Delphine,0,0,0,1
Elaia,0,0,0,1
Elsi,0,0,0,1
Esmerelda,0,0,0,1
Gracie-Mai,0,0,0,1
Jaya,0,0,0,1
Lillia,0,0,0,1
Lyla-Mae,0,0,0,1
Marianne,0,0,0,1
Maya-Rose,0,0,0,1
Mehreen,0,0,0,1
Milla,0,0,0,1
Nefeli,0,0,0,1
Roberta,0,0,0,1
Rosie-Mae,0,0,0,1
Safia,0,0,0,1
Sianna,0,0,0,1
Skyla-Rose,0,0,0,1
Aine,0,0,0,1
Alissia,0,0,0,1
Arissa,0,0,0,1
Asya,0,0,0,1
Emily-Rose,0,0,0,1
Esmai,0,0,0,1
Gracie-Leigh,0,0,0,1
Hallie-Mae,0,0,0,1
Layla-Mae,0,0,0,1
Mathilda,0,0,0,1
Melek,0,0,0,1
Muntaha,0,0,0,1
Nicola,0,0,0,1
Nimrat,0,0,0,1
Reenie,0,0,0,1
Shreya,0,0,0,1
Airah,0,0,0,1
Alea,0,0,0,1
Ava-Rae,0,0,0,1
Avaani,0,0,0,1
Ayrah,0,0,0,1
Cherry,0,0,0,1
Daya,0,0,0,1
Eleonora,0,0,0,1
Maisey,0,0,0,1
Mariya,0,0,0,1
Meabh,0,0,0,1
Romee,0,0,0,1
Suraya,0,0,0,1
Vaani,0,0,0,1
